display_client_name,agent_version
"osdc-bi-app-2.vmware.com","4.0.3-24"
"oraprodbia02.vmware.com","4.1.101-340"
"elpsis-prod-app.vmware.com","4.1.101-340"
"vmportal3-crawl.vmware.com","4.0.3-24"
"knova-stg-kss1.vmware.com","3.7.1-100"
"osdc-fm01.vmware.com","4.1.101-340"
"it-vc-1.vmware.com","4.0.3-24"
"sblesvstage2.vmware.com","4.0.3-24"
"store-stg2ptl2.vmware.com","3.7.1-100"
"ora-test2-ebs-r1.vmware.com","4.1.101-340"
"vmweb-test-db.vmware.com","3.7.1-100"
"ora-dev-fbi-d1.vmware.com","4.1.100-1470"
"vmview-secr-1","4.0.3-24"
"it-vc-db-12009.10.01.15.10.09"," unKnown "
"quest-db-1.vmware.com","3.7.1-100"
"ora-dev-vi4-app-1.vmware.com","4.0.3-24"
"knova-stg-ikb1.vmware.com","3.7.1-100"
"tongwen-dev-db","4.0.3-24"
"wwwa-uat-lamp-1.vmware.com","3.7.1-100"
"odi-pri-winagt2.vmware.com2011.02.05.13.26.07","5.0.106-28"
"ora-dev-fmsoa-a2.vmware.com","5.0.106-28"
"knova-stg-kss2.vmware.com","3.7.1-100"
"nis2.vmware.com","5.0.105-169"
"ora-prod-strm-bi-d1.vmware.com","4.1.100-1470"
"lmacias-380.vmware.com","5.0.106-28"
"ora-dev2-ebs-app-1.vmware.com","4.0.3-24"
"cornflakes.vmware.com","3.7.1-100"
"dc-knova-proxy.vmware.com","3.7.1-100"
"vf-mgmt-vc-db.vmware.com","5.0.106-28"
"osdc-srm-vc-1.vmware.com","4.1.101-340"
"vf-view-dhcp.vmware.com","5.0.106-28"
"vmppm-vision.vmware.com","4.0.3-24"
"vmweb-apache-ha-22.vmware.com2011.03.07.13.40.30","3.7.1-100"
"pa-ppm1.vmware.com","4.0.3-24"
"pa-bes02.vmware.com","4.1.101-340"
"pa-vdm03.vmware.com","4.0.3-24"
"ora-qa-dmcbi-d1.vmware.com","4.0.3-24"
"moss-dev-6.vmware.com","4.0.3-24"
"moss-dev-2.vmware.com","4.1.101-340"
"pa-aviq-odb.vmware.com","4.1.101-340"
"store-stg2db1.vmware.com","3.7.1-100"
"lm-itadmin3.vmware.com","4.1.101-340"
"sblcctprod1.vmware.com","4.0.3-24"
"sblcctprod6.vmware.com","4.0.3-24"
"dc-knova-kss.vmware.com","3.7.1-100"
"osoft-webapp2.vmware.com","4.0.3-24"
"osdcwlcsandbox1.vmware.com","3.7.1-100"
"jabber-prod-db-2.vmware.com2011.02.04.09.50.23","5.0.105-169"
"tapeoutcppdb"," unKnown "
"tapeoutsc9-nas-proxy-1"," unKnown "
"vmportal3-srch.vmware.com","3.7.1-100"
"qastoredb.vmware.com","3.7.1-100"
"sblcctstage5.vmware.com","4.0.3-24"
"vmweb-apache-ha-23.vmware.com2011.03.07.13.40.39","3.7.1-100"
"tongwen-dev-web","4.0.3-24"
"dr-vmwtestwsvc2.vmware.com","3.7.1-100"
"poet-prod-app2.vmware.com","4.0.3-24"
"knova-stg-kcc1.vmware.com2008.10.27.13.21.02","3.7.1-100"
"vmportal3-db4.vmware.com2011.03.19.11.32.42","4.1.101-340"
"ora-test2-osb-a1.vmware.com","5.0.106-28"
"staging-wlc03.vmware.com","3.7.1-100"
"osdc-qaprm.vmware.com","3.7.1-100"
"vf-vcd-cell-01.vmware.com","5.0.106-28"
"pa-print02.vmware.com","4.1.101-340"
"ivr-app01-prod.vmware.com","4.0.3-24"
"parootdc04.vmware.com","5.0.106-28"
"stamp.vmware.com","5.0.105-169"
"osdc-dns-1.vmware.com","4.1.101-340"
"ora-beta-idm-1.vmware.com","4.1.101-340"
"pa-oragrid.vmware.com","4.1.101-340"
"vhunter3.vmware.com","4.1.101-340"
"vc-prod-1.vmware.com","5.0.105-169"
"osdc-dmz-lamp-1.vmware.com","4.1.101-340"
"passagepoint-1.vmware.com2011.01.21.14.12.28","4.1.101-340"
"pa-opalis-prod1.vmware.com","4.1.101-340"
"lmacias-d410.vmware.com","3.7.1-100"
"ecc-store-1.vmware.com","4.0.3-24"
"ora-dev-siebel-d1.vmware.com","4.1.100-1470"
"pa-sso.vmware.com","3.7.1-100"
"tapeout"," unKnown "
"osdc-storedevdb.vmware.com","3.7.1-100"
"ora-perf-pmgmt-d1.vmware.com","4.1.100-1470"
"knova7-qaaddb.vmware.com","3.7.1-100"
"vmweb-prod-people-1.vmware.com2011.03.07.13.40.46","4.1.101-340"
"ppmdev.vmware.com","4.1.101-340"
"zimbra-ldap-master-1.vmware.com","5.0.105-169"
"ora-perf-fmwsoax-d1.vmware.com","6.0.100-592"
"scripts.vmware.com","4.0.3-24"
"vmportal3-db3.vmware.com2011.03.19.11.32.30","4.1.101-340"
"sblgwstage3.vmware.com","4.0.3-24"
"pa-altiris.vmware.com","4.1.101-340"
"ora-perf-osb-a2.vmware.com","5.0.106-28"
"osdc-lawdb.vmware.com","3.7.1-100"
"ucmp.vmware.com","4.1.101-340"
"ora-prod-strm-d1.vmware.com","4.1.100-1470"
"ora-stage-ebs-ccm-2.vmware.com","4.1.101-340"
"softwareupdate-prod.vmware.com","4.1.101-340"
"ecc-svr-1.vmware.com","4.0.3-24"
"ora-tst-osb-a1.vmware.com","5.0.106-28"
"ora-dev2-fmsoa-a1.vmware.com","4.1.100-1470"
"vmweb-test-wss.vmware.com","3.7.1-100"
"store-stg2wlc5.vmware.com","3.7.1-100"
"vhunter2.vmware.com","4.1.101-340"
"pa-ace01.vmware.com","4.1.101-340"
"zimbra-mbox-2.vmware.com","5.0.105-169"
"sblwebstage2.vmware.com","4.0.3-24"
"web-world-1.vmware.com","4.1.101-340"
"ora-lt-fmsoa-a6.vmware.com","5.0.106-28"
"osoft-prod-db.vmware.com","4.1.101-340"
"ittools-app-1.vmware.com","3.7.1-100"
"avamar2tape","4.0.3-24"
"poet-prod-app1.vmware.com","4.0.3-24"
"vmportal3-qry2.vmware.com","4.0.3-24"
"smtp-outbound-1.vmware.com","5.0.105-169"
"pa-psynch2.vmware.com","4.1.101-340"
"jabber-prod-1.vmware.com2011.02.04.09.46.54","5.0.105-169"
"interwoven-dev-search-1.vmware.com","4.1.101-340"
"ora-pat-fmb2b-1.vmware.com","4.1.101-340"
"gss-srch-web1.vmware.com","4.1.101-340"
"osdc-ecc-1.vmware.com","4.1.101-340"
"ora-dmqa-d1.vmware.com","4.1.101-340"
"gss-srch-db1.vmware.com2011.03.19.11.57.36","4.1.101-340"
"mssql-dev.vmware.com","4.1.101-340"
"vmweb-apache-ha-12.vmware.com2011.03.07.13.39.59","3.7.1-100"
"zos-nonprod-hub-1.vmware.com","4.1.101-340"
"dr-stgportal1.vmware.com","3.7.1-100"
"vhunter4.vmware.com","4.0.3-24"
"ora-perf-fmwsoax-a2.vmware.com","6.0.100-592"
"wwwa-loadtest-sso-1.vmware.com","3.7.1-100"
"eis-prod-edzilla-1.vmware.com","4.1.101-340"
"ora-prod-fmidm-a3.vmware.com","5.0.106-28"
"store-testwlc1.vmware.com","3.7.1-100"
"puppetmaster.vmware.com","3.7.1-100"
"ora-prod-dmcbi-d1.vmware.com","4.1.101-340"
"store-stg2wlc1.vmware.com","3.7.1-100"
"ora-test-vi4-d1.vmware.com","4.1.100-1470"
"dw-ods-1.vmware.com","4.0.3-24"
"pa-altirisdb.vmware.com","4.1.101-340"
"ora-dev-vmwsup-ccm-1.vmware.com","4.0.3-24"
"cchi-d420.vmware.com2008.05.29.15.29.27","3.7.1-100"
"ora-dev-vmwsup-d1.vmware.com","4.1.100-1470"
"knova-stg-adm1.vmware.com","3.7.1-100"
"ora-prod-fbi-d1.vmware.com","4.1.100-1470"
"knova-prod-kss3.vmware.com","5.0.106-28"
"parootdc02.vmware.com","5.0.106-28"
"vf-chargeback.vmware.com","5.0.106-28"
"vmportal3-db6.vmware.com","4.1.101-340"
"sblesvprod2.vmware.com","4.0.3-24"
"rnls-otrs.vmware.com2011.02.07.08.31.10","3.7.1-100"
"osdc-vdi2-vc.vmware.com","4.0.3-24"
"dc-vmweb-db.vmware.com","3.7.1-100"
"pa-scanner1.vmware.com","4.1.101-340"
"zimbra-bes-01.vmware.com2011.01.21.14.06.15","4.1.101-340"
"qa-storewl1.vmware.com","3.7.1-100"
"fbi-prod-app-2.vmware.com2011.02.11.19.26.09","4.1.101-340"
"oraprodbihra01.vmware.com","4.1.101-340"
"paul-dev-web.vmware.com","4.1.101-340"
"vmportaldbclus1.vmware.com2011.03.19.11.48.02","4.1.101-340"
"pa-edi.vmware.com","3.7.1-100"
"pa-prmolap.vmware.com","3.7.1-100"
"siebgp.vmware.com","4.1.101-340"
"jackhammer.vmware.com","4.1.101-340"
"prmdev1.vmware.com","4.1.101-340"
"effecta-db1","4.1.101-340"
"osdc-itdev3.vmware.com","3.7.1-100"
"odi-agentqa03.vmware.com","4.1.101-340"
"knova-prod-adm.vmware.com","6.0.100-592"
"moss-dev-5.vmware.com","3.7.1-100"
"wwwa-loadtest-mysql-1.vmware.com","3.7.1-100"
"stage-pullflfm.vmware.com","3.7.1-100"
"knova-prod-andb.vmware.com","4.0.3-24"
"dr-stgwebsvc1.vmware.com","3.7.1-100"
"vf-view-cs-01.vmware.com","5.0.106-28"
"webops-labmgr.vmware.com","4.1.101-340"
"bugzilla-prod-lamp-1.vmware.com","4.1.101-340"
"bangiler-d420.vmware.com","4.1.101-340"
"kickstart.vmware.com","4.1.101-340"
"pa-symphoniq.vmware.com","3.7.1-100"
"vmportal3-wss.vmware.com","3.7.1-100"
"vmportal3-srch1.vmware.com","4.0.3-24"
"pa-zenoss-mysql-1.vmware.com","4.1.101-340"
"ora-apps-fmtst-3.vmware.com","4.0.3-24"
"gss-proxy-2.vmware.com","3.7.1-100"
"staging-www2.vmware.com","4.1.101-340"
"odi-lnx-agentprod01.vmware.com","4.1.101-340"
"wheaties.vmware.com","4.1.100-1470"
"osdc-sanw11.vmware.com","4.1.101-340"
"pa-testedi.vmware.com","5.0.106-28"
"vc-ops-1.vmware.com","4.0.3-24"
"pa-varonis-db.vmware.com","4.1.101-340"
"fbi-qa-app-2.vmware.com","4.1.101-340"
"alliances-salesforce-tap.vmware.com2011.02.07.08.36.55","4.1.101-340"
"eoo-d420.vmware.com","3.7.1-100"
"pa-gw-wmi.vmware.com","3.7.1-100"
"webops-lamp-3.vmware.com","4.1.101-340"
"pa-sql02.vmware.com","4.0.3-24"
"ora-stage-strm-fmsoa-a1.vmware.com","4.1.100-1470"
"ora-qa-csbi-d1.vmware.com","4.1.100-1470"
"dc-knova-kcc2.vmware.com","3.7.1-100"
"knova7-qaandb.vmware.com","3.7.1-100"
"knova-stg-ikb2.vmware.com","3.7.1-100"
"ora-bkg-prd-d1.vmware.com","5.0.106-28"
"ora-dev1-osb-a1.vmware.com","5.0.106-28"
"ppmprod.vmware.com","4.0.3-24"
"erikr-dev-db","4.0.3-24"
"ora-dmqa-d2.vmware.com","4.1.100-1470"
"osdc-itdevr2d2.vmware.com","3.7.1-100"
"ora-qa-fbi-d1.vmware.com","4.1.100-1470"
"ora-edwprod-d1.vmware.com","4.1.100-1470"
"ora-dev2-fmidm-d1.vmware.com","4.1.100-1470"
"parootdc05.vmware.com","5.0.106-28"
"wwwa-dev-sso-1.vmware.com","3.7.1-100"
"pa-dhcp01.vmware.com","4.0.3-24"
"dr-uatwebsvc2.vmware.com","5.0.106-28"
"john-dev-web","4.0.3-24"
"pkrekos-e4300.vmware.com","4.1.101-340"
"rocky.vmware.com","5.0.105-169"
"ora-dev3-osb-a1.vmware.com","5.0.106-28"
"pa-itdev5.vmware.com","3.7.1-100"
"pa-dev1-icdb.vmware.com","4.0.3-24"
"sblwebstage1.vmware.com","4.0.3-24"
"pa-itdevob1.vmware.com","3.7.1-100"
"ora-prod-iwov-d1.vmware.com","5.0.106-28"
"qa-alpine1.vmware.com","3.7.1-100"
"pa-adc3.vmware.com","4.1.101-340"
"telecom-dhcp-1.vmware.com","4.1.101-340"
"pa-psynch1.vmware.com","5.0.106-28"
"ora-test2-fmwsoa-a1.vmware.com","5.0.106-28"
"ora-test2-osb-a2.vmware.com","5.0.106-28"
"exrecserv.recovery.com","4.1.101-340"
"webmysql-prd-1.vmware.com","4.0.3-24"
"ora-stage-osb-a1.vmware.com","4.1.101-340"
"pa-burlterm01.vmware.com","4.1.101-340"
"dr-perfwebsvc1.vmware.com","4.1.101-340"
"portal-vmwperf-betan-1.vmware.com","4.1.101-340"
"telecom-dhcp-2.vmware.com","4.1.101-340"
"epo-db-1.vmware.com","4.0.3-24"
"pa-backup3.vmware.com","4.1.101-340"
"pi-otrs.vmware.com","3.7.1-100"
"sblcctstage1.vmware.com","4.0.3-24"
"ora-ucmprod-d1.vmware.com","4.1.100-1470"
"ora-phnx-1.vmware.com","4.0.3-24"
"pa-ace02.vmware.com","4.1.101-340"
"interwoven-dev-teamsite-1.vmware.com","4.1.101-340"
"dc-knova-kss3.vmware.com","4.0.3-24"
"vmweb-apache-ha-11.vmware.com2011.03.07.13.39.48","3.7.1-100"
"osoft-webapp1.vmware.com","4.0.3-24"
"ora-dev-fmwsoax-d1.vmware.com","6.0.100-592"
"ora-dmprod-d1.vmware.com","4.0.3-24"
"vmportal3-ave.vmware.com","4.0.3-24"
"pd-otrs.vmware.com2011.02.07.08.30.54","4.0.3-24"
"vmportaldbdev2.vmware.com","4.0.3-24"
"cepct.vmware.com2011.03.07.13.41.23","4.0.3-24"
"sblesvprod1.vmware.com","4.0.3-24"
"sblappdev.vmware.com","4.0.3-24"
"sblcctstage3.vmware.com","4.0.3-24"
"dc-knova-kss2.vmware.com","3.7.1-100"
"ora-prod-pridm-d2.vmware.com","4.1.100-1470"
"edi-db.vmware.com","3.7.1-100"
"sblgwstage1.vmware.com","4.0.3-24"
"ora-prod-dnb-d1.vmware.com2011.02.09.09.12.06","4.1.100-1470"
"ora-perf-ebs-d1.vmware.com","4.1.101-340"
"ora-prod-strm-fmsoa-w1.vmware.com","4.1.100-1470"
"wwwa-qa-mysql-1.vmware.com","3.7.1-100"
"vf-mgmt-vc.vmware.com","5.0.106-28"
"ora-edwqa-d1.vmware.com","4.1.101-340"
"vmweb-prod-auth-1.vmware.com","4.1.101-340"
"pa-prod-ic2.vmware.com","4.0.3-24"
"pubeval-qawlc1.vmware.com","3.7.1-100"
"vmportaldbdev3.vmware.com","4.0.3-24"
"store-stg2wlc3.vmware.com","3.7.1-100"
"ora-stage-fmsoa-a5.vmware.com","5.0.106-28"
"conscripts.vmware.com","4.0.3-24"
"strm-dev-ora-db-1.vmware.com","4.1.100-1470"
"ora-dev-vmwsup-app-1.vmware.com","4.0.3-24"
"mylearnweb-ci01","4.1.101-340"
"sblcctprod3.vmware.com","4.0.3-24"
"stageucma2","5.0.106-28"
"gss-proxy-1.vmware.com","3.7.1-100"
"sblwebdev.vmware.com","4.0.3-24"
"pa-vmportal3db2.vmware.com","4.1.101-340"
"ora-sls-prd-d1.vmware.com","5.0.106-28"
"ora-dev-osb-a1.vmware.com","5.0.106-28"
"stageucma4","5.0.106-28"
"ora-lt-fmsoa-a5.vmware.com","5.0.106-28"
"communities-stage-app-1.vmware.com","4.1.101-340"
"cware-app2-prod.vmware.com2011.02.14.12.53.55","4.0.3-24"
"store-testdb.vmware.com","3.7.1-100"
"fbi-prod-app-3.vmware.com2011.02.11.19.26.20","4.1.101-340"
"pa-ipass02","4.1.101-340"
"sbldmzprod2","4.0.3-24"
"ora-stage-siebel-rep-d1.vmware.com","4.0.3-24"
"ittools-mysql-1.vmware.com","3.7.1-100"
"sblcctprod2.vmware.com","4.0.3-24"
"sanhealth-01.vmware.com","4.1.101-340"
"pa-zenoss-hub-1.vmware.com","4.1.101-340"
"ora-dev1-fmwsoa-a1.vmware.com","5.0.106-28"
"ora-dev2-fmsoa-a2.vmware.com","5.0.106-28"
"ora-bu-prd-d1.vmware.com","5.0.106-28"
"strm-tst-db-1.vmware.com","3.7.1-100"
"jabber-prod-db-1.vmware.com2011.02.04.09.50.00","5.0.105-169"
"ora-fmprodsoa-w1.vmware.com","4.0.3-24"
"jivestagedb.vmware.com","3.7.1-100"
"vmportal3-web3.vmware.com2011.02.22.14.23.56","4.0.3-24"
"sblwebprod1.vmware.com","4.0.3-24"
"maildir.vmware.com","5.0.105-169"
"vf-vcd-vc-01.vmware.com","5.0.106-28"
"knova-stg-kb2.vmware.com","3.7.1-100"
"opsmgmt-sql1.vmware.com","4.0.3-24"
"pa-gssdsi.vmware.com","4.1.101-340"
"esvcwebprod2","4.1.101-340"
"ora-dev-vi4-d1.vmware.com","4.1.100-1470"
"voip-telecomm.vmware.com","4.1.101-340"
"paul-dev-db","4.0.3-24"
"jabber.vmware.com","3.7.1-100"
"ora-pat-fmidm-1.vmware.com","4.0.3-24"
"sblgwprod3.vmware.com","4.0.3-24"
"dr-devphxapp01.vmware.com","3.7.1-100"
"wsus-app-1.vmware.com","4.0.3-24"
"ora-odiprod-d1.vmware.com","4.1.100-1470"
"vf-vcd-vc-n1.vmware.com","5.0.106-28"
"scripts-data.vmware.com","4.0.3-24"
"vmportal3-arch.vmware.com2011.02.25.15.18.42","4.1.101-340"
"ora-dev2-osb-a1.vmware.com","5.0.106-28"
"outsoft-dbdev.vmware.com","4.1.101-340"
"sblesvstage1.vmware.com","4.0.3-24"
"wave-eras-1.vmware.com","4.1.101-340"
"strm-tst-ora-db-1.vmware.com","4.1.100-1470"
"commit-prod-1.vmware.com","5.0.105-169"
"vmportal3-qry1.vmware.com","4.0.3-24"
"fbi-prod-app-1.vmware.com2011.02.12.15.11.40","4.1.101-340"
"knova-stg-andb1.vmware.com2008.05.29.15.38.56","3.7.1-100"
"oraprdcustbia01.vmware.com","4.0.3-24"
"rodney-dev-web","4.0.3-24"
"knova-prod-kb1.vmware.com","4.0.3-24"
"pa-opalis-prod2.vmware.com","4.1.101-340"
"vmstk-prod-1.vmware.com","5.0.105-169"
"rodney-dev-db","4.0.3-24"
"pa-navmgr02.vmware.com","4.1.101-340"
"knova-stg-andb1.vmware.com","3.7.1-100"
"ora-test-wlp-d1.vmware.com","4.1.100-1470"
"ora-perf-wlp-d1.vmware.com","4.1.100-1470"
"ora-stage-strm-d1.vmware.com","4.1.100-1470"
"pa-ipass01","4.1.101-340"
"zimbra-proxy-1.vmware.com","5.0.105-169"
"parootdc07.vmware.com","4.1.101-340"
"pa-vmportal3db1.vmware.com","3.7.1-100"
"jabber-prod-2.vmware.com2011.02.04.09.47.44","5.0.105-169"
"ora-beta-vi4-app-1.vmware.com","4.0.3-24"
"pa-vdm04.vmware.com","3.7.1-100"
"pa-zenoss-col-2.vmware.com","4.1.101-340"
"iwov-prod-teamsite-1.vmware.com","5.0.106-28"
"pa-labmgr.vmware.com","4.0.3-24"
"ora-test-siebel-d1.vmware.com","4.1.100-1470"
"dc-knova-kcc.vmware.com","4.0.3-24"
"ora-tst-fmsoa-a2.vmware.com","5.0.106-28"
"ivr-app02-prod.vmware.com","4.0.3-24"
"bes-sql-1.vmware.com","4.0.3-24"
"webops-lamp-1.vmware.com","3.7.1-100"
"ittools.vmware.com","3.7.1-100"
"dc-knova-andb.vmware.com","3.7.1-100"
"dc-knova-addb.vmware.com","3.7.1-100"
"ora-test-vi4-app-1.vmware.com","4.0.3-24"
"proxy145.vmware.com","5.0.105-169"
"vam-dev-akamai-proxy.vmware.com","4.1.101-340"
"pa-dfs02.vmware.com","4.1.101-340"
"sblgwprod1.vmware.com","4.0.3-24"
"flexlm-dev2app1.vmware.com","3.7.1-100"
"pa-filemaker01.vmware.com","4.1.101-340"
"pa-prmolap.vmware.com2008.06.05.17.41.29","3.7.1-100"
"sblcctstage4.vmware.com","4.0.3-24"
"pa-sharepoint01.vmware.com","3.7.1-100"
"mailhost2.vmware.com","5.0.105-169"
"knova-prod-kcc2.vmware.com","4.0.3-24"
"pa-backup3-old.vmware.com","3.7.1-100"
"store-stg2prm1.vmware.com","3.7.1-100"
"wsus-db-1","4.0.3-24"
"osdc-vmwprodr3.vmware.com","3.7.1-100"
"knova7-devdb.vmware.com","3.7.1-100"
"ts-cms.vmware.com","4.1.101-340"
"esvcwebprod1.vmware.com","4.1.101-340"
"osdc-stg-wlc04.vmware.com","3.7.1-100"
"ausit-p390.vmware.com","4.1.101-340"
"zimbra-mbox-1.vmware.com","5.0.105-169"
"ora-dev-interwoven-web-1.vmware.com","4.1.101-340"
"ora-dr-ebs-r1.vmware.com","4.1.100-1470"
"vmportal3-db2.vmware.com2011.02.26.10.35.43","4.1.101-340"
"osdc-pri-app-1.vmware.com2011.02.05.13.26.21","5.0.106-28"
"vf-vcd-vcdb-n2.vmware.com","5.0.106-28"
"vf-view-cs-02.vmware.com","5.0.106-28"
"vf-vcd-vcdb-n1.vmware.com","5.0.106-28"
"osdc-qaldrnr3.vmware.com","3.7.1-100"
"pa-sql01","4.1.101-340"
"portal-vmwperf-betan-3.vmware.com","4.1.101-340"
"odi-agentprod02.vmware.com","4.1.101-340"
"oraqacustbia01.vmware.com","4.0.3-24"
"opstools-mysql-1.vmware.com","5.0.106-28"
"ora-stage-strm-fmsoa-w1.vmware.com","4.1.100-1470"
"ora-stage-ebs-ccm-1.vmware.com","4.1.101-340"
"tapeoutcpp-fs01"," unKnown "
"ora-qa-dmhr-d1.vmware.com2011.02.07.08.39.19","4.0.3-24"
"it-vc-db-1.vmware.com","4.1.101-340"
"strm-tst-cry-1.vmware.com","4.0.3-24"
"psowiki-mysql-12011.02.07.08.22.36","3.7.1-100"
"nas-mylnweb.vmware.com","4.1.101-340"
"lmpimage2-rhel4.vmware.com","3.7.1-100"
"outsoft-dbqa.vmware.com","4.0.3-24"
"contest-dev.vmware.com","3.7.1-100"
"ftpsite.vmware.com","3.7.1-100"
"stageucma1","5.0.106-28"
"ora-dev-fmwsoax-a1.vmware.com","6.0.100-592"
"ora-dev2-fmwsoax-a1.vmware.com","6.0.100-592"
"test1234"," unKnown "
"outsoft-qa-app1.vmware.com","4.0.3-24"
"ora-test-fmwsoax-d1.vmware.com","6.0.100-592"
"eservice-1.vmware.com","3.7.1-100"
"sblcctstage2.vmware.com","4.0.3-24"
"cware-app1-prod.vmware.com2011.02.14.12.53.40","5.0.106-28"
"psa-iis-prod12011.02.14.14.14.50","4.0.3-24"
"pa-altiris-us.vmware.com","4.1.101-340"
"outsoft-qa-app2.vmware.com","4.0.3-24"
"newpa-monitor2.vmware.com","3.7.1-100"
"outsoft-qa.vmware.com","4.0.3-24"
"pa-sql04.vmware.com","5.0.106-28"
"outsoft-dev.vmware.com","4.0.3-24"
"rtse-d430.vmware.com","4.1.101-340"
"phxstore-sqldb1.vmware.com","3.7.1-100"
"eservice-sblprod-1.vmware.com2012.01.05.16.07.53","4.1.101-340"
"qa-edi.vmware.com","3.7.1-100"
"s2-perf-hhq-1.vmware.com","4.1.101-340"
"ora-dev2-ebs-d1.vmware.com","4.1.100-1470"
"ora-stage-strm-fmsoa-d1.vmware.com","4.1.100-1470"
"wpascual-d430.vmware.com","4.1.101-340"
"proxy144.vmware.com","5.0.105-169"
"srm-crp-db1.vmware.com","3.7.1-100"
"bedrock.vmware.com2011.02.04.10.10.36","4.1.101-340"
"knova7-qakss.vmware.com","3.7.1-100"
"osdc-wlcedi1.vmware.com","3.7.1-100"
"osdcwlcsandbox2.vmware.com","3.7.1-100"
"vmportal3-web2.vmware.com2011.02.22.14.23.45","3.7.1-100"
"ora-dev2-fmwsoax-d1.vmware.com","6.0.100-592"
"ora-prod-prietl-d1.vmware.com","4.1.100-1470"
"vmportal3-db5.vmware.com2011.03.19.11.32.57","4.1.101-340"
"web-world-2.vmware.com","4.1.101-340"
"webmysql-dev-1.vmware.com","3.7.1-100"
"avepoint01.vmware.com2011.02.25.15.19.06","4.1.101-340"
"store-testwlc3.vmware.com","3.7.1-100"
"ora-poc-hpperf-d1.vmware.com","4.1.100-1470"
"vmweb-prod-peopleprofile.vmware.com2011.03.07.13.39.29","4.1.101-340"
"sblcctprod4.vmware.com","4.0.3-24"
"vmweb-apache-ha-20.vmware.com2011.03.07.13.40.06","3.7.1-100"
"ora-prod-bipso-d1.vmware.com","4.1.100-1470"
"ora-lt-osb-a2.vmware.com","5.0.106-28"
"wlp-dev-patm-1.vmware.com","4.1.101-340"
"vmportal3-wfe1.vmware.com","5.0.106-28"
"ora-test2-ebs-r2.vmware.com","4.1.101-340"
"elpsis-prod-db.vmware.com","4.1.101-340"
"ecc-scope-1.vmware.com","4.0.3-24"
"ora-stage-strm-bi-d1.vmware.com","4.1.100-1470"
"salesorder-prod-lamp-1.vmware.com","5.0.105-169"
"ora-lt-osb-a1.vmware.com","5.0.106-28"
"osdc-srm-db-1.vmware.com","4.0.3-24"
"staging-www6.vmware.com","4.1.101-340"
"iweb-prod-mysql-1.vmware.com","4.1.101-340"
"wcm.vmware.com","3.7.1-100"
"obie-prod-edw1.vmware.com","4.1.101-340"
"parootdc08.vmware.com","5.0.106-28"
"time2.vmware.com","5.0.106-28"
"prmdev2.vmware.com","3.7.1-100"
"ora-prod-pri-db.vmware.com","4.1.100-1470"
"osdc-qaldrnr1.vmware.com","3.7.1-100"
"packages-stage.vmware.com","4.1.101-340"
"iweb-prod-proxy-1.vmware.com","4.1.101-340"
"staging-www1.vmware.com","4.1.101-340"
"store-stg2wsvc2.vmware.com","3.7.1-100"
"osdc-stgalpine.vmware.com","4.1.101-340"
"pa-vdm05.vmware.com","3.7.1-100"
"ora-dev-ucm-d1.vmware.com","5.0.106-28"
"emc-ppath-lic-1.vmware.com","4.1.101-340"
"osdc-splunk-index-1.vmware.com","4.1.101-340"
"interwoven-dev-db-1.vmware.com","4.1.101-340"
"portal-product-build-1.vmware.com","4.1.101-340"
"vmweb-wss-2.vmware.com","4.1.101-340"
"pa-dhcp02.vmware.com","4.0.3-24"
"portal-vmwperf-betan-2.vmware.com","4.1.101-340"
"knova-prod-kss1.vmware.com","4.0.3-24"
"ic-prod1.vmware.com","4.0.3-24"
"parootdc06.vmware.com","5.0.106-28"
"pa-mso-otrs01.vmware.com","4.1.101-340"
"knova-prod-addb.vmware.com","5.0.106-28"
"epo-app-1.vmware.com","4.0.3-24"
"osdc-qaldrnr2.vmware.com","5.0.106-28"
"mmreport.vmware.com","5.0.106-28"
"dnsmaster.vmware.com","4.1.101-340"
"pa-varonis01.vmware.com","4.1.101-340"
"lagrootdc01.vmware.com","4.1.101-340"
"splunk-1.vmware.com","5.0.106-28"
"pa-adc1.vmware.com","5.0.106-28"
"scomgr01.vmware.com","4.1.101-340"
"ivr-dd01-prod.vmware.com","4.1.101-340"
"iweb-prod-lamp-2.vmware.com","4.1.101-340"
"3210-dns-2.vmware.com","4.1.101-340"
"lumberjack.vmware.com","4.1.101-340"
"bitbucket.vmware.com","4.1.101-340"
"vadk-stage.vmware.com","3.7.1-100"
"www-htcheck.vmware.com","4.1.101-340"
"pa-backup06.vmware.com","4.1.101-340"
"partner-relay-1.vmware.com","5.0.105-169"
"prdint-odistn01.vmware.com","4.1.101-340"
"moss-dev-1.vmware.com","3.7.1-100"
"vmwdevlic.vmware.com","4.1.101-340"
"pa-dfs01.vmware.com","4.1.101-340"
"pa-backup05.vmware.com","4.1.101-340"
"wwwa-uat-mysql-1.vmware.com","3.7.1-100"
"osdc-kms-01","4.1.101-340"
"pa-backup02.vmware.com","4.0.3-24"
"ivr-tss01-prod.vmware.com","4.0.3-24"
"osoft-web2-prod.vmware.com","5.0.106-28"
"zimbra-bes-11.vmware.com","4.1.101-340"
"pa-backup3-751","4.1.101-340"
"sbldmzstage2","4.0.3-24"
"webdev-mysql-1.vmware.com","4.0.3-24"
"pa-zenoss-globe-1.vmware.com","4.0.3-24"
"ad-otrs.vmware.com2011.02.07.08.30.30","4.1.100-1470"
"oraprodbihra02.vmware.com","5.0.106-28"
"bullwinkle.vmware.com","5.0.105-169"
"qa-flex.vmware.com","3.7.1-100"
"sblcctstage7.vmware.com","4.0.3-24"
"pa-vdm06.vmware.com","4.0.3-24"
"ora-fmprodidm-a1.vmware.com","4.0.3-24"
"ebenjamin-hp.eng.vmware.com","3.7.1-100"
"ic-prod2.vmware.com","4.0.3-24"
"osdc-dmz-mysql-1.vmware.com","4.1.101-340"
"linuxconsole","4.1.101-340"
"ora-prod-backup-2tp.vmware.com","4.0.3-24"
"wcm-prod-db1.vmware.com","4.0.3-24"
"osdc-srm-1.vmware.com","4.0.3-24"
"pa-varonis02.vmware.com","4.1.101-340"
"ic-proddb.vmware.com","5.0.106-28"
"moss-dev-4.vmware.com","4.1.101-340"
"dc-knova-kcc3.vmware.com","3.7.1-100"
"strm-tst-web-1.vmware.com","3.7.1-100"
"ora-perf-fmsoa-a4.vmware.com","5.0.106-28"
"downloads-eoa.vmware.com","4.1.101-340"
"ora-test-ucm-d1.vmware.com","4.1.100-1470"
"osdc-bi-app-1.vmware.com","4.0.3-24"
"vf-vcd-cell-02.vmware.com","5.0.106-28"
"pa-vdm07.vmware.com","4.0.3-24"
"pa-zenoss-col-1.vmware.com","5.0.106-28"
"vmportal3-db1.vmware.com2011.03.19.11.32.16","4.1.101-340"
"blane-app1.vmware.com","4.1.101-340"
"osoft-web1-prod.vmware.com","4.1.101-340"
"vmportal3-web1.vmware.com2011.02.22.14.23.30","3.7.1-100"
"psowiki-app-12011.02.07.08.22.20","3.7.1-100"
"jchan-e4300.vmware.com","4.1.101-340"
"osdc-dmz-ldap-1.vmware.com","5.0.105-169"
"strm-dev-db-1","3.7.1-100"
"qa-storewl2.vmware.com","3.7.1-100"
"knova-prod-kss2.vmware.com","4.0.3-24"
"opsmgmt-srv1.vmware.com","4.0.3-24"
"knova-prod-ikb2.vmware.com","4.1.101-340"
"epo-reposit-1.vmware.com","4.0.3-24"
"lmpimage2.vmware.com","3.7.1-100"
"opstools-app-1.vmware.com","5.0.106-28"
"ppmprod-db1.vmware.com","4.1.101-340"
"pa-archibus.vmware.com","4.1.101-340"
"osdc-mkt-app-1.vmware.com","4.1.101-340"
"ora-dev2-fmidm-a1.vmware.com","5.0.106-28"
"dr-vmwtestwsvc1.vmware.com","3.7.1-100"
"knova-prod-kcc1.vmware.com","4.0.3-24"
"pa-badgeserv1.vmware.com","5.0.106-28"
"pa-vcb01.vmware.com","4.0.3-24"
"quest-fms-1.vmware.com","3.7.1-100"
"ora-prod-siebel-rep-d1.vmware.com","4.0.3-24"
"osdc-srm-vc-db1.vmware.com","4.1.101-340"
"knova-prod-ikb1.vmware.com","4.1.101-340"
"osdc-dmz-ldap-2.vmware.com","5.0.105-169"
"knova-prod-kcc3.vmware.com","4.0.3-24"
"ora-odiqa-d1.vmware.com","4.1.100-1470"
"srviewer-prod-1.vmware.com","5.0.105-169"
"zimbra-ext-proxy-1.vmware.com","5.0.105-169"
"ora-qa-pridm-d1.vmware.com","4.1.100-1470"
"erikr-dev-web","4.0.3-24"
"gss-propero-wiki.vmware.com","4.1.101-340"
"dr-stgwebsvc2.vmware.com","3.7.1-100"
"dc-knova-adm.vmware.com","3.7.1-100"
"store-testwlc4.vmware.com","3.7.1-100"
"mediawiki","5.0.106-28"
"store-testwlc2.vmware.com","3.7.1-100"
"cware-db-prod.vmware.com2011.02.12.16.05.04","4.1.101-340"
"osdc-navmgr01.vmware.com","4.0.3-24"
"pa-zenoss-vcol-1.vmware.com","4.1.101-340"
"dr-uatwebsvc1.vmware.com","3.7.1-100"
"voip-tftp.vmware.com","4.0.3-24"
"moss-dev-3.vmware.com","4.0.3-24"
"poet-prod-db1.vmware.com","5.0.106-28"
"ora-test2-fmwsoa-a2.vmware.com","5.0.106-28"
"sblwebtest.vmware.com","4.0.3-24"
"osdc-pri-app-2.vmware.com2011.02.05.13.26.32","5.0.106-28"
"knova7-devadm.vmware.com","3.7.1-100"
"knova-prod-kb2.vmware.com","4.1.101-340"
"qa-storewl3.vmware.com","3.7.1-100"
"pasiebsupportprod.vmware.com","4.1.101-340"
"eservice-sblprod-2.vmware.com2012.01.05.16.08.26","4.1.101-340"
"ora-test-fmwsoax-a1.vmware.com","6.0.100-592"
"ora-prod-dmhr-d1.vmware.com2011.02.07.08.39.34","5.0.106-28"
"osdc-wlcedi2.vmware.com","3.7.1-100"
"strm-dev-cry-1.vmware.com","4.0.3-24"
"ora-stage-fmsoa-a6.vmware.com","4.1.101-340"
"ora-pat-fmsoa-1.vmware.com","4.1.100-1470"
"ora-dev3-fmsoa-a2.vmware.com","5.0.106-28"
"ftps.vmware.com","5.0.105-169"
"osdc-stg-wlc06.vmware.com","3.7.1-100"
"test-backup","4.1.101-340"
"ora-beta-vi4-d1.vmware.com","4.1.100-1470"
"pa-sqltools01.vmware.com","4.1.101-340"
"wwwa-uat-sso-1.vmware.com","3.7.1-100"
"scripts-data-osdc.vmware.com","4.0.3-24"
"vmportal3-db7.vmware.com","4.1.101-340"
"blackhole.vmware.com","3.7.1-100"
"wwwdev.vmware.com","3.7.1-100"
"pa-backup01.vmware.com","4.0.3-24"
"mylndb-repl","3.7.1-100"
"osdc-ph3-labmgr1-1.vmware.com","4.0.3-24"
"dr-stgportal2.vmware.com","3.7.1-100"
"zimbra-bes-10.vmware.com","4.1.101-340"
"fmw-build-1.vmware.com","4.1.101-340"
"john-dev-db","4.0.3-24"
"vf-vcd-vc-01-db.vmware.com","5.0.106-28"
"vmweb-apache-ha-21.vmware.com2011.03.07.13.40.15","3.7.1-100"
"ora-dev-strm-bi-d1.vmware.com","4.1.100-1470"
"knova7-devkcc.vmware.com","3.7.1-100"
"ora-prod-strm-fmsoa-a1.vmware.com","4.1.100-1470"
"eservice-sblstage-1.vmware.com2012.01.05.16.08.51","4.1.101-340"
"eservice-sblstage-2.vmware.com2012.01.05.16.09.14","4.1.101-340"
"ora-spt-siebel-d1.vmware.com","4.1.100-1470"
"ts-cms-pa.vmware.com","4.1.101-340"
"knova-stg-kcc2.vmware.com","3.7.1-100"
"store-testptl1.vmware.com","3.7.1-100"
"store-stg2wlc4.vmware.com","3.7.1-100"
"wwwb-prod-job-1.vmware.com","4.0.3-24"
"ora-prod-pridm-d1.vmware.com","4.1.100-1470"
"pa-backupcons01.vmware.com","4.0.3-24"
"sblapptest.vmware.com","4.0.3-24"
"store-testwsvc1.vmware.com","3.7.1-100"
"ora-dev2-ebs-ccm-1.vmware.com","4.0.3-24"
"wcmdev.vmware.com","3.7.1-100"
"communities-stage-app-2.vmware.com","4.1.101-340"
"sblcctprod5.vmware.com","4.1.101-340"
"store-stg2ptl1.vmware.com","3.7.1-100"
"knova7-qaadm.vmware.com","3.7.1-100"
"sbldmzstage1","4.0.3-24"
"ora-test-fmwsoax-a2.vmware.com","6.0.100-592"
"vmweb-test-fc5.vmware.com","3.7.1-100"
"pa-vdidb01.vmware.com","4.0.3-24"
"ora-pat-d1.vmware.com","4.1.100-1470"
"pa-prod-ic1.vmware.com","4.0.3-24"
"sblcctstage6.vmware.com","4.0.3-24"
"ora-stage-osb-a2.vmware.com","4.1.101-340"
"ora-dev-wlp-d1.vmware.com","4.1.100-1470"
"osdc-dbreporting.vmware.com","3.7.1-100"
"vmportal3-vault.vmware.com2011.02.25.15.18.53","4.0.3-24"
"strm-dev-web-1","3.7.1-100"
"zimbra-mta-2.vmware.com","5.0.105-169"
"ora-perf-fmsoa-a3.vmware.com","5.0.106-28"
"ora-perf-fmwsoax-a1.vmware.com","6.0.100-592"
"sales-drupal-1.vmware.com","4.1.101-340"
"ora-lt-fmsoa-a7.vmware.com","5.0.106-28"
"store-stg2wsvc1.vmware.com","3.7.1-100"
"pattsy-prod-db.vmware.com","4.0.3-24"
"knova-stg-addb1.vmware.com","3.7.1-100"
"sblwebprod2.vmware.com","4.0.3-24"
"sbldmzprod1","4.0.3-24"
"vmview-secr-2","4.0.3-24"
"pa-prod-icdb.vmware.com","4.0.3-24"
"ora-prod-strm-fmsoa-d1.vmware.com","4.1.100-1470"
"otrs-db.vmware.com2011.02.25.18.51.42","4.1.101-340"
"sblcctprod7.vmware.com","5.0.106-28"
"knova7-qakcc.vmware.com","4.0.3-24"
"eoo-390.vmware.com","3.7.1-100"
"osdc-stg-wlc05.vmware.com","3.7.1-100"
"osoft-db-prod.vmware.com","5.0.105-169"
"ora-stage-fmsoa-a7.vmware.com","4.1.101-340"
"iwov-prod-preview-1.vmware.com","5.0.106-28"
"ora-perf-osb-a1.vmware.com","5.0.106-28"
"www-dev-lamp-1.vmware.com","3.7.1-100"
"webops-lamp-2.vmware.com","5.0.106-28"
"ora-fmprodsoa-w2.vmware.com","4.0.3-24"
"ora-dev2-fmsoa-d1.vmware.com","4.1.100-1470"
"store-stg2wlc6.vmware.com","3.7.1-100"
"eis-vueadmin","4.1.101-340"
"kmartinez-d430.vmware.com","4.1.101-340"
"isarkis2-d420.vmware.com","4.1.101-340"
"pa-gw2.vmware.com","3.7.1-100"
"ora-phnx-2.vmware.com","4.0.3-24"
"iweb-prod-lamp-1.vmware.com","4.1.101-340"
"pattsy-prod-web.vmware.com","4.0.3-24"
"knova-stg-kb1.vmware.com","3.7.1-100"
"pa-print01.vmware.com","4.1.101-340"
"pa-aviq-app.vmware.com","4.1.101-340"
"staging-www5.vmware.com","4.1.101-340"
"wwwa-qa-lamp-1.vmware.com","3.7.1-100"
"askvmware-poc.vmware.com","4.1.101-340"
"qa-alpine.vmware.com","3.7.1-100"
"ppmprod-app1.vmware.com","6.0.100-592"
"ora-stage-fmidm-a3.vmware.com","4.0.3-24"
"communities-stage-app-1.vmware.com","4.1.101-340"
"colo-knova7kcc2.store.ad","3.7.1-100"
"vc-prod-1.vmware.com"," unKnown "
"s2-prod-hhq-db-1.vmware.com","6.0.100-592"
"ora-prod-ebs-rep-app-2.vmware.com","5.0.105-169"
"pchmgmt-wlc1.vmware.com","3.7.1-100"
"webhost-prod-web-3.vmware.com","6.0.100-592"
"akamai.vmware.com","5.0.106-28"
"colo-wlc01.store.ad","3.7.1-100"
"ora-stage-wlp-d1.vmware.com","6.0.100-592"
"s3web-prod-3.vmware.com","4.1.101-340"
"communities-prod-gbot-3.vmware.com","4.1.101-340"
"dr-prodwsvc1.vmware.com","6.0.100-592"
"eis-prod-mylnetl-1.vmware.com","6.0.100-592"
"s2-prod-hyperic-p2.vmware.com","6.0.100-592"
"vmview-vum-1","5.0.105-169"
"wwwa-loadtest-mysql-1.vmware.com","3.7.1-100"
"durango.vmware.com","3.7.1-100"
"cpp-w08","6.0.100-592"
"moss-restore","3.7.1-100"
"cpp-web9","4.0.3-24"
"cpp-w05","6.0.100-592"
"vam-prod-lamp-2.vmware.com","3.7.1-100"
"advantech-vdm-1.vmware.com2011.02.22.15.54.14","4.0.3-24"
"ora-prod-ebs-backup-2","4.1.100-1470"
"ora-prod-fmidm-r1.vmware.com","5.0.106-28"
"jiveapp-prd10.vmware.com","3.7.1-100"
"cpp-webrep03","3.7.1-100"
"perforce-vm23.eng.vmware.com","4.1.106-27"
"ora-stage-fmsoa-w3.vmware.com","4.0.3-24"
"vmshr-test-db.vmware.com","3.7.1-100"
"sc9-splunk-index-1.vmware.com","6.0.100-592"
"ora-prod-fmwsoa-a1.vmware.com","4.1.101-340"
"skb.vmware.com","5.0.106-28"
"cpp-web3","4.0.3-24"
"ora-stage-fmsoa-w1.vmware.com","4.0.3-24"
"communities-stage-app-2.vmware.com","4.1.101-340"
"gss-srch-db1.vmware.com","5.0.106-28"
"cpp-webapp10","3.7.1-100"
"producma7.vmware.com","6.0.100-592"
"view-at-tst31","5.0.106-28"
"ora-stage-fmidm-a2.vmware.com","4.0.3-24"
"sc9-ns42-02-m1-stream12011.08.29.16.52.43","5.0.105-169"
"pa-navmgr02.vmware.com","5.0.106-28"
"wwwa-prod-web-1a.vmware.com","6.0.100-592"
"s3web-prod-2.vmware.com","4.1.101-340"
"patchmgmt-wlc1.store.ad","3.7.1-100"
"ora-prod-osb-a2.vmware.com","6.0.100-592"
"portal-stage-admin-1.vmware.com","6.0.100-592"
"quest-db-1.vmware.com","6.0.100-592"
"osdc-ns80-02-m4-stream4","6.0.100-592"
"ionix-web1","6.0.100-592"
"ora-stage-ebs-appx-1","4.0.3-24"
"vmview-vdm-4.vmware.com","4.0.3-24"
"at-view-cs04"," unKnown "
"stageucma1","6.0.100-592"
"cpta-web1","3.7.1-100"
"cpp-webrep1","3.7.1-100"
"pchmgmt-proddb.vmware.com","4.0.3-24"
"portal-prod-wlp-6.vmware.com","4.1.101-340"
"portal-stage-wlp-8.vmware.com","4.1.101-340"
"cpp-w09","6.0.100-592"
"wlp-prod-patm-3.vmware.com","4.1.101-340"
"srviewer-prod-1.vmware.com","5.0.105-169"
"s2-prod-bloghforum-w1.vmware.com","5.0.106-28"
"osdc-ns80-02-m4-stream1","6.0.100-592"
"wwwa-prod-web-5a.vmware.com","6.0.100-592"
"ora-prod-fmidm-a8.vmware.com","6.0.100-592"
"colo-wlc05.store.ad","3.7.1-100"
"vmlist.vmware.com","6.0.100-592"
"ora-prod-fmidm-a7.vmware.com","6.0.100-592"
"osdc-ns80-01-m4-stream22011.08.29.16.42.37","5.0.106-28"
"portal-prod-licn-2.vmware.com","4.1.101-340"
"ora-stage-fmsoa-a2.vmware.com","4.0.3-24"
"benton.vmware.com","3.7.1-100"
"drupal-cs-prod-dbslave-1.vmware.com","6.0.100-592"
"cpp-web6","4.0.3-24"
"cchi-esx.vmware.com","3.7.1-100"
"govirtual-jive-1.vmware.com","3.7.1-100"
"ora-prod-fmidm-a9.vmware.com","6.0.100-592"
"ora-prod-fmsoa-a7.vmware.com","6.0.100-592"
"portal-prod-wlp-1.vmware.com","4.1.101-340"
"stageucmw1","6.0.100-592"
"dakota.vmware.com","3.7.1-100"
"pa-adc3"," unKnown "
"eis-svn.vmware.com","3.7.1-100"
"ora-prod-fmidm-a5.vmware.com","6.0.100-592"
"jivedb-stg-1.vmware.com","5.0.105-169"
"ora-prod-ebs-app-12.vmware.com","6.0.100-592"
"auburn.vmware.com","3.7.1-100"
"wwwapps-prod-web-1.vmware.com","6.0.100-592"
"ora-prod-grid-oms-1.vmware.com","6.0.100-592"
"cpp-db6.cpprod.corp","3.7.1-100"
"communities-prod-app-2.vmware.com","6.0.100-592"
"ora-stage-ucm-d2.vmware.com","6.0.100-592"
"sc9-nas-proxy-2","6.0.100-592"
"ora-prod-ebs-r14.vmware.com","6.0.100-592"
"ora-stage-ebs-disco-11.vmware.com","6.0.100-592"
"knova-prod-kss3.vmware.com","4.0.3-24"
"zimbra-prod-license-p1.vmware.com","5.0.106-28"
"osdc-ns80-02-m1-stream2","6.0.100-592"
"ora-prod-fmb2b-a2.vmware.com","6.0.100-592"
"cptb-web02","3.7.1-100"
"www-prod-db1.zimbra.com","6.0.100-592"
"jiveapp-prd11.vmware.com","3.7.1-100"
"stageflexlm-5.vmware.com","6.0.100-592"
"scrootdc04.vmware.com","6.0.100-592"
"vmportal3-db5.vmware.com","5.0.106-28"
"sc9-ace1.vmware.com","6.0.100-592"
"govirtual-jive-dev-1.vmware.com","3.7.1-100"
"osdc-ns42-01-m1-stream22011.08.29.16.37.50","5.0.106-28"
"cpta-upload1","3.7.1-100"
"ora-stage-fmsoa-a4.vmware.com","4.0.3-24"
"ora-stage-ebs-ccm-11.vmware.com","6.0.100-592"
"ora-stage-fmsoa-a6.vmware.com","4.1.101-340"
"mylnweb02","3.7.1-100"
"s3web-clone-3.vmware.com","4.0.3-24"
"ora-dmprod-d1.vmware.com2011.12.14.15.31.45","6.0.100-592"
"colo-wlc04.store.ad","3.7.1-100"
"wwwapps-stage-dbmaster-3.vmware.com","3.7.1-100"
"ora-stage-strm-fmsoa-a1.vmware.com","4.1.100-1470"
"vf-mgmt-vc-db.vmware.com","5.0.106-28"
"advantech-db-1"," unKnown "
"osdc-ns80-01-m4-stream32011.08.29.16.42.59","5.0.106-28"
"colo-wlc06.store.ad","3.7.1-100"
"colo-wsscript.store.ad","3.7.1-100"
"vam-prod-mysql-1.vmware.com","3.7.1-100"
"ora-prod-fmwsoa-a3.vmware.com","4.1.101-340"
"ora-stage-fmidm-a1.vmware.com","4.0.3-24"
"colo-knova-esx5.vmware.com","4.0.3-24"
"cpp-webrep3","3.7.1-100"
"cpp-db04.cpp.corp","6.0.100-592"
"s3web-clone-1.vmware.com","4.0.3-24"
"sc9-ns4-960-ds-stream5","6.0.100-592"
"cpp-dc02.cpprod.corp","3.7.1-100"
"commit-prod-1.vmware.com","5.0.105-169"
"colo-db01.store.ad","3.7.1-100"
"ora-prod-ebs-rep-app-1.vmware.com","5.0.105-169"
"ora-prod-ebs-rep-r11.vmware.com","6.0.100-592"
"ora-prod-ebs-rep-app-13.vmware.com","6.0.100-592"
"ora-prod-fmsoa-d1.vmware.com","4.1.101-340"
"ora-stage-fmb2b-r2.vmware.com","6.0.100-592"
"ora-stage-fmidm-w2.vmware.com","4.0.3-24"
"mon-ar1-sjc3.vmware.com","6.0.100-592"
"ora-stage-fmidm-a4.vmware.com","6.0.100-592"
"ora-prod-strm-fmsoa-a1.vmware.com","4.1.100-1470"
"cpp-db06.cpp.corp","6.0.100-592"
"ora-prod-fmsoa-w1.vmware.com","5.0.106-28"
"patchmgmt-wlc2.store.ad","3.7.1-100"
"advantech-um.vmware.com","4.0.3-24"
"cpp-webapp01","3.7.1-100"
"sc9-ns42-02-m1-stream22011.08.29.16.53.01","5.0.105-169"
"10.128.95.247"," unKnown "
"vmweb-apache-ha-20.vmware.com","6.0.100-592"
"ora-prod-fmidm-a4.vmware.com","6.0.100-592"
"sfdc-prod-gasv.vmware.com","5.0.105-169"
"ora-prod-wlp-d1.vmware.com","6.0.100-592"
"iwov-stage-livesite-2.vmware.com2011.12.14.16.18.06","4.1.101-340"
"lmpimage1.vmware.com","6.0.100-592"
"portal-stage-wlp-6.vmware.com","4.1.101-340"
"s2-prod-hyperic-p1.vmware.com","6.0.100-592"
"osdc-ns42-01-m1-stream32011.08.29.16.38.29","5.0.106-28"
"smtp-inbound-2.vmware.com","5.0.105-169"
"osdc-ns80-03-m4-stream1","6.0.100-592"
"view-thinapp1.vmware.com","5.0.105-169"
"mylnssl01","3.7.1-100"
"ora-dev-pmgmt-d1.vmware.com","4.1.100-1470"
"beso.vmware.com","5.0.105-169"
"inf-prod-app-2.vmware.com","6.0.100-592"
"sc9-zenoss-col-2.vmware.com","5.0.106-28"
"zimbra-mbox-2.vmware.com","5.0.105-169"
"wlp-prod-patm-2.vmware.com","4.1.101-340"
"eis-prod-edzilla-1.vmware.com","5.0.106-28"
"sc9-ns42-03-m1-stream1","6.0.100-592"
"wwwapps-prod-dbmaster-1.vmware.com2009.01.08.16.20.47","4.0.3-24"
"scripts-prod-data-1.vmware.com","5.0.106-28"
"cptb-web1","3.7.1-100"
"cptb-web04","3.7.1-100"
"zimbra-mta-2.vmware.com","5.0.105-169"
"countchocula.vmware.com","4.1.101-340"
"portal-prod-betan-1.vmware.com","4.1.101-340"
"obie-mkt-prod2.vmware.com","5.0.105-169"
"osdc-ns80-01-m1-stream12011.08.29.16.40.35","5.0.106-28"
"ora-stage-strm-fmsoa-w1.vmware.com","4.1.100-1470"
"psowiki-app-1","5.0.106-28"
"jiveprod-sqldb.store.ad","3.7.1-100"
"sc9-ns42-01-m1-stream32011.08.29.16.52.04","5.0.106-28"
"cpp-webrep2","3.7.1-100"
"download1.vmware.com","3.7.1-100"
"ora-prod-ucm-d1","4.1.100-1470"
"sc9-ns42-01-m1-stream22011.08.29.16.51.50","5.0.105-169"
"colo-restore01.store.ad","3.7.1-100"
"ora-prod-fmsoa-a2.vmware.com","5.0.106-28"
"vmportal3-db4.vmware.com","5.0.106-28"
"sc9-avamar1-ndmp2.vmware.com","5.0.106-28"
"myln-prod-dbrpt.vmware.com","5.0.105-169"
"portal-stage-patm-1.vmware.com","4.1.101-340"
"cptb-upload1","3.7.1-100"
"pa-dhcp03"," unKnown "
"ora-prod-strm-d1.vmware.com","4.1.100-1470"
"sc9-ns120-02-sg-stream1","6.0.100-592"
"cpta-web02","3.7.1-100"
"ora-stage-fmb2b-a2.vmware.com","4.0.3-24"
"portal-stage-wlp-19.vmware.com","4.1.101-340"
"pa-ipass022011.12.09.13.42.02","4.1.101-340"
"vmworld-prod-jive-10.vmware.com","3.7.1-100"
"colo-knova7kb.vmware.com","3.7.1-100"
"s2-prod-forumorg-w1.vmware.com","5.0.106-28"
"sc9-ace2.vmware.com","6.0.100-592"
"portal-prod-licn-1.vmware.com","4.1.101-340"
"s3pweb1prod.vmware.com","3.7.1-100"
"cpp-web4","4.0.3-24"
"sc9-vcb01.vmware.com","6.0.100-592"
"view-cs03"," unKnown "
"colo-knovaaddb1.store.ad","4.0.3-24"
"ora-stage-fmsoa-w2.vmware.com","4.1.100-1470"
"www-stage-db1.zimbra.com","4.1.101-340"
"cpp-fs01","4.0.3-24"
"eclipse-prod-techpubs-2.vmware.com","6.0.100-592"
"opalis-prod-app.vmware.com","6.0.100-592"
"cpp-webapp09","3.7.1-100"
"ora-prod-fmidm-a11.vmware.com","4.1.101-340"
"ora-prod-strm-fmsoa-d1.vmware.com","4.1.100-1470"
"store-dbrepo1.store.ad","3.7.1-100"
"obie-prod-bu2.vmware.com","6.0.100-592"
"buy-prod-1.zimbra.com","4.1.101-340"
"colo-knova7kss.store.ad","4.0.3-24"
"mylnssl-uat01","3.7.1-100"
"salesorder-prod-lamp-1.vmware.com","5.0.105-169"
"osdc-ns42-01-m1-stream12011.08.29.16.37.03","5.0.106-28"
"atlasdb-dev.vmware.com","3.7.1-100"
"akamai-gate.vmware.com","6.0.100-592"
"ora-prod-ebs-appx-1.vmware.com","6.0.100-592"
"spokane.vmware.com","6.0.100-592"
"pa-project2k3.vmware.com","5.0.105-169"
"sox-puppetmaster.vmware.com","6.0.100-592"
"sc9-ns42-01-m1-stream42011.08.29.16.52.16","5.0.106-28"
"ora-prod-fmsoa-a3.vmware.com","4.1.100-1470"
"drupal-cs-prod-dbmaster-1.vmware.com","6.0.100-592"
"thinapp-qr-internal.vmware.com","6.0.100-592"
"sc9-ext-dns-1.vmware.com","6.0.100-592"
"akamai-logs.vmware.com","6.0.100-592"
"ora-stage-ebs-r3.vmware.com","5.0.106-28"
"ppmdev.vmware.com","4.1.101-340"
"portal-prod-wlp-12.vmware.com","4.1.101-340"
"flexlm-prod03.vmware.com","3.7.1-100"
"drupal-tr-prod-web-1.vmware.com","6.0.100-592"
"vum-federal-1.vmware.com","5.0.105-169"
"ora-prod-ebs-disco-3.vmware.com","6.0.100-592"
"vmportal3-wfe3.vmware.com","5.0.106-28"
"view-at-tst32","5.0.106-28"
"colo-wlcedi.store.ad","3.7.1-100"
"store-dbrepo1.vmware.com","5.0.106-28"
"wwwb-lamp-2.vmware.com","3.7.1-100"
"portal-prod-wlp-16.vmware.com","4.1.101-340"
"colo-knova7kcc.store.ad","3.7.1-100"
"avamar-win-proxy-4.vmware.com","5.0.106-28"
"avamar-win-proxy2.vmware.com","5.0.106-28"
"cpp-webrep02","3.7.1-100"
"ora-stage-fmsoa-d1.vmware.com","4.1.101-340"
"obie-prod-bu1.vmware.com","6.0.100-592"
"zimbra-bes-10.vmware.com","5.0.105-169"
"vmportaldbclus1.vmware.com","5.0.106-28"
"osdc-ns42-01-m1-stream42011.08.29.16.39.02","5.0.106-28"
"ora-stage-strm-d1.vmware.com","4.1.100-1470"
"vmview-db-1.vmware.com","5.0.106-28"
"www-stage-1.zimbra.com","4.1.101-340"
"ora-stage-strm-fmsoa-d1.vmware.com","4.1.100-1470"
"osdc-ns80-02-m1-stream3","6.0.100-592"
"obie-prod-ksbk1.vmware.com","5.0.105-169"
"vmportal3-wss64.vmware.com2011.01.18.15.38.27","5.0.106-28"
"com-stg-db1.vmware.com","6.0.100-592"
"mylnstg.vmware.com","5.0.105-169"
"sc9-sanscreen-rp.vmware.com","4.1.101-340"
"portal-prod-patm-1.vmware.com","4.1.101-340"
"cpta-web03","3.7.1-100"
"vmext-web02.vmext.ad","6.0.100-592"
"portal-prod-wlp-19.vmware.com","4.1.101-340"
"pa-ac01.vmware.com","6.0.100-592"
"ora-prod-ebs-app-3.vmware.com","5.0.105-169"
"vc-prod-1.vmware.com2011.01.18.15.13.52","5.0.105-169"
"rocky.vmware.com","5.0.105-169"
"ora-stage-fmb2b-a1.vmware.com","4.0.3-24"
"booking-devdb.vmware.com","6.0.100-592"
"cpp-db8.cpprod.corp","3.7.1-100"
"vc-prod-db-1.vmware.com","6.0.100-592"
"portal-prod-betan-2.vmware.com","4.1.101-340"
"pubeval-wlc1.store.ad","3.7.1-100"
"sc9-srm-vum-1.vmware.com","5.0.106-28"
"stageucma2","5.0.106-28"
"cware-app3-prod.vmware.com","5.0.106-28"
"gemstone-prod-apps2.vmware.com","6.0.100-592"
"communities-prod-gbot-2.vmware.com","4.1.101-340"
"ora-prod-fmsoa-a4.vmware.com","4.1.100-1470"
"cpb-db","6.0.100-592"
"vmportal3-db1.vmware.com","5.0.106-28"
"cpp-db03.cpp.corp","6.0.100-592"
"cware-app2-prod.vmware.com","5.0.106-28"
"web-prod-3.vmware.com","6.0.100-592"
"s2-prod-portal-3.vmware.com","5.0.105-169"
"mylnweb-uat01","3.7.1-100"
"web-prod-2.vmware.com","6.0.100-592"
"cpp-webrep04","3.7.1-100"
"osdc-ns80-01-m4-stream12011.08.29.16.42.17","5.0.106-28"
"sc9-srm-1.vmware.com","5.0.106-28"
"vmportal3-arch.vmware.com","5.0.106-28"
"flexlm-prod","3.7.1-100"
"sfdc-prod-wsv-2","6.0.100-592"
"ora-prod-fmwsoa-a2.vmware.com","4.1.101-340"
"ora-stage-ebs-app-2.vmware.com","4.0.3-24"
"web-prod-1.vmware.com","6.0.100-592"
"myln-prod-web01.vmware.com","5.0.105-169"
"vam-prod-img-tfr-1.vmware.com","6.0.100-592"
"view-cs01.vmware.com","6.0.100-592"
"viops-prod-jive-10.vmware.com","3.7.1-100"
"knova-prod-adm.vmware.com","6.0.100-592"
"web-prod-4.vmware.com","6.0.100-592"
"ora-prod-ksdmmk-d1.vmware.com","4.1.101-340"
"ittools"," unKnown "
"partnerweb-prod-db-1.vmware.com","5.0.105-169"
"portal-stage-wlp-1.vmware.com","4.1.101-340"
"iwov-prod-mb1.vmware.com","5.0.105-169"
"ora-prod-dnb-d1.vmware.com2011.04.26.11.08.10","4.1.100-1470"
"esrsgateway.vmware.com","5.0.105-169"
"sc9-ns120-02-pd","6.0.100-592"
"sc9-srm-vc-1.vmware.com","5.0.106-28"
"osoft-web2-prod.vmware.com","5.0.106-28"
"ittools-app-2.vmware.com","5.0.105-169"
"sfdc-prod-apache-1.vmware.com","6.0.100-592"
"mylndb-repl.vmware.com","4.1.106-27"
"ora-prod-strm-fmsoa-w1.vmware.com","4.1.100-1470"
"vam-stage-mysql-1.vmware.com","3.7.1-100"
"patchmgmt-wlc3.store.ad","3.7.1-100"
"www-lamp-2.vmware.com","3.7.1-100"
"va-drupal-3.vmware.com","3.7.1-100"
"cpp-db08.cpp.corp","6.0.100-592"
"view-at-tst21.vmware.com","5.0.106-28"
"s3p-clone-web-1.vmware.com","4.0.3-24"
"atlas.vmware.com","3.7.1-100"
"dr-portal02.store.ad","3.7.1-100"
"sfdc-prod-apache-2.vmware.com","6.0.100-592"
"md-prod-lamp-1.vmware.com","6.0.100-592"
"ora-prod-ebs-ccm-2.vmware.com","5.0.105-169"
"cpp-webrep01","3.7.1-100"
"ora-stage-fmsoa-a7.vmware.com","6.0.100-592"
"oraprdcustbia01.vmware.com","5.0.106-28"
"ora-stage-fmsoa-a3.vmware.com","4.0.3-24"
"avamar-win-proxy1.vmware.com","5.0.106-28"
"esrspolicy.vmware.com","5.0.105-169"
"ora-prod-fmsoa-a1.vmware.com","5.0.106-28"
"gemstone-prod-apps1.vmware.com","6.0.100-592"
"vmportal3-db3.vmware.com","5.0.106-28"
"cpp-fs02","3.7.1-100"
"dr-stagewsvc2.vmware.com","6.0.100-592"
"sc9-ns42-01-m1-stream12011.08.29.16.51.25","5.0.105-169"
"rsa-prod-am-2.vmware.com","6.0.100-592"
"portal-stage-wlp-3.vmware.com","4.1.101-340"
"osdc-ns80-02-m4-stream2","6.0.100-592"
"sc9-ns4-960-hm-stream3","6.0.100-592"
"myln-prod-ssl01.vmware.com","5.0.105-169"
"colo-wlc1-qa.vmware.com","3.7.1-100"
"osdc-ns80-03-m4-stream3","5.0.106-28"
"iwov-stage-livesite-1.vmware.com2011.12.14.16.17.40","4.1.101-340"
"sc9-exchvcb.vmware.com","6.0.100-592"
"obie-prod-ksbk2.vmware.com","5.0.105-169"
"fin-booking-db.vmware.com","4.1.101-340"
"ora-prod-ebs-r3.vmware.com","5.0.106-28"
"s2-prod-gsscm-1.vmware.com","5.0.106-28"
"ora-prod-siebel-r2.vmware.com","6.0.100-592"
"colo-db01.vmware.com","6.0.100-592"
"sc9-ps01.vmware.com","6.0.100-592"
"s2-prod-support-p1.vmware.com","6.0.100-592"
"sc9-ns4-960-ftp-stream1","6.0.100-592"
"eis-prod-locklizard-1.vmware.com","6.0.100-592"
"ora-prod-ksfr-d1.vmware.com","6.0.100-592"
"sfdc-mylndb-int.vmware.com","5.0.105-169"
"webhost-prod-web-4.vmware.com","6.0.100-592"
"portal-stage-wlp-5.vmware.com","4.1.101-340"
"s2-prod-offpm-1.vmware.com","5.0.106-28"
"wlcdual1-dev.store.ad","3.7.1-100"
"sc9-backup01.vmware.com","6.0.100-592"
"stageucma4","5.0.106-28"
"wwwa-prod-web-2a.vmware.com","6.0.100-592"
"cpp-db1.cpprod.corp","4.0.3-24"
"odi-pri-winagt2.vmware.com","5.0.106-28"
"osdc-ns80-03-m1-stream4","5.0.106-28"
"jive-vmworld-1.vmware.com","3.7.1-100"
"ora-prod-ksedw-d1.vmware.com","6.0.100-592"
"webhost-prod-web-1.vmware.com","6.0.100-592"
"cpp-db2.cpprod.corp","4.0.3-24"
"vam-prod-img-mgr-1.vmware.com","6.0.100-592"
"ora-prod-disco-rep.vmware.com","5.0.105-169"
"smtp-inbound-1.vmware.com","5.0.105-169"
"conscripts-prod-2.vmware.com","5.0.106-28"
"wlp-prod-patm-admin-1.vmware.com","4.1.101-340"
"ora-prod-ebs-app-2.vmware.com","5.0.105-169"
"ora-sls-prd-d1.vmware.com","6.0.100-592"
"puppetmaster.vmware.com","6.0.100-592"
"vmworld-prod-app-2.vmware.com","6.0.100-592"
"cpp-web10","4.0.3-24"
"ora-bkg-prd-d1.vmware.com","6.0.100-592"
"inf-prod-app-1.vmware.com","6.0.100-592"
"wwwapps-prod-nfs-1a.vmware.com","6.0.100-592"
"colo-wlc02.store.ad","3.7.1-100"
"sc9-mailhost1.vmware.com","5.0.105-169"
"ora-prod-fmidm-a6.vmware.com","6.0.100-592"
"ora-prod-ebs-rep-app-3.vmware.com","5.0.105-169"
"s3db-clone-1.vmware.com","4.0.3-24"
"ora-stage-osb-a2.vmware.com","6.0.100-592"
"sc5-nas-proxy.vmware.com","3.7.1-100"
"atlas-dev.vmware.com","3.7.1-100"
"edzilla.vmware.com","3.7.1-100"
"wwwapps-stage-dbslave-1.vmware.com","3.7.1-100"
"s2-prod-hhq-1.vmware.com","5.0.105-169"
"wwwapps-prod-web-2.vmware.com","6.0.100-592"
"labs-prod-app-1.vmware.com","6.0.100-592"
"fbi-prod-app-2.vmware.com","5.0.106-28"
"stageucma3","6.0.100-592"
"vam-prod-lamp-10.vmware.com","6.0.100-592"
"ora-prod-ebs-backup-app-1.vmware.com","6.0.100-592"
"cpp-webapp06","3.7.1-100"
"avamar2tape.vmware.com","4.0.3-24"
"vam-prod-lamp-1.vmware.com","3.7.1-100"
"advantech-vc-1","6.0.100-592"
"alpineapp1.vmware.com","3.7.1-100"
"eis-vueadmin","6.0.100-592"
"cpta-upload01","6.0.100-592"
"dr-devphxapp01.vmware.com","3.7.1-100"
"www-lamp-nfs-1.vmware.com","3.7.1-100"
"s2-prod-portal-8.vmware.com","5.0.106-28"
"s2-prod-gsseform-1.vmware.com","5.0.106-28"
"communities-prod-gbot-1.vmware.com","6.0.100-592"
"torrent.vmware.com","3.7.1-100"
"portal-stage-s3p3-1.vmware.com","4.1.101-340"
"cpta-db1","3.7.1-100"
"jabber-prod-1.vmware.com","5.0.105-169"
"proxy144.vmware.com","5.0.105-169"
"ora-prod-qc-d1.vmware.com","6.0.100-592"
"emc-dpa.vmware.com","5.0.105-169"
"sc9-sanscreen.vmware.com","4.1.101-340"
"osdc-ns80-01-m1-stream22011.08.29.16.40.58","5.0.106-28"
"vmweb-apache-ha-23.vmware.com","6.0.100-592"
"pd-otrs.vmware.com","6.0.100-592"
"ddt-prod-app-1.vmware.com","6.0.100-592"
"gemstone-prod-database1.vmware.com","6.0.100-592"
"portal-stage-wlp-21.vmware.com","4.1.101-340"
"prodflexlm-5.vmware.com","6.0.100-592"
"osoft-db-prod.vmware.com","5.0.106-28"
"alliances-salesforce-tap.vmware.com","6.0.100-592"
"ora-prod-fmwsoax-a5.vmware.com","6.0.100-592"
"jabber-prod-db-2.vmware.com","5.0.105-169"
"ora-prod-fmidm-a3.vmware.com","5.0.106-28"
"job-referrals.vmware.com","6.0.100-592"
"cpp-webrep4","3.7.1-100"
"ora-rm-mount-d2.vmware.com","5.0.106-28"
"ora-stage-fmidm-r1.vmware.com","6.0.100-592"
"strg-prod-bck-1.vmware.com","5.0.106-28"
"webdev-prod-tempdb-1.vmware.com","6.0.100-592"
"va-drupal-1.vmware.com","3.7.1-100"
"ora-stage-fmidm-r2.vmware.com","6.0.100-592"
"ora-perf-fmwsoax-a1.vmware.com","6.0.100-592"
"pa-ipass012011.12.09.13.42.57","6.0.100-592"
"sc9-ns120-02-pd-stream2","6.0.100-592"
"sc9-ldap-2.vmware.com","5.0.105-169"
"atlasdb.vmware.com","3.7.1-100"
"wwwapps-prod-archive-mysql-1","6.0.100-592"
"cpp-webapp04","3.7.1-100"
"pa-flexlm.vmware.com","5.0.105-169"
"portal-stage-patm-2.vmware.com","4.1.101-340"
"ora-stage-fmwsoax-a5.vmware.com","6.0.100-592"
"ora-prod-ksdmbk-d1.vmware.com","6.0.100-592"
"weblogicdual1.store.ad","3.7.1-100"
"fmw-build-1.vmware.com","6.0.100-592"
"sc9-ns4-960-ds-stream4","6.0.100-592"
"eis-prod-svn-1.vmware.com","6.0.100-592"
"vam-prod-bittorrent-1.vmware.com","5.0.105-169"
"osdc-ns80-01-m4-stream42011.08.29.16.43.48","5.0.106-28"
"colo-knova7kcc3.store.ad","3.7.1-100"
"portal-stage-betan-2.vmware.com","6.0.100-592"
"advantech-db-1.vmware.com","6.0.100-592"
"wlp-prod-patm-4.vmware.com","4.1.101-340"
"zimbra-proxy-1.vmware.com","5.0.105-169"
"communities-prod-gbot-5.vmware.com","6.0.100-592"
"partnerweb-prod-mysql-1.vmware.com","5.0.106-28"
"colo-knova7andb.store.ad","3.7.1-100"
"ora-perf-fmwsoax-a2.vmware.com","6.0.100-592"
"ora-prod-fmidm-w3.vmware.com","5.0.106-28"
"view-wdm.vmware.com","5.0.105-169"
"ora-prod-pmgmt-d1.vmware.com","6.0.100-592"
"portal-prod-wlp-9.vmware.com","4.1.101-340"
"cpp-db01.cpp.corp","6.0.100-592"
"portal-prod-wlp-2.vmware.com","4.1.101-340"
"ora-prod-dnbim-d2.vmware.com","6.0.100-592"
"osoft-web1-prod.vmware.com","5.0.106-28"
"comm-prod-db-2.vmware.com","5.0.106-28"
"zimbra-bes-02.vmware.com","4.1.101-340"
"vmweb-apache-ha-12.vmware.com","6.0.100-592"
"portal-prod-wlp-18.vmware.com","4.1.101-340"
"cpp-web5","4.0.3-24"
"ora-prod-ebs-rep-ccm-1.vmware.com","5.0.105-169"
"vmweb-apache-ha-11.vmware.com","6.0.100-592"
"splunk-poc.vmware.com","4.0.3-24"
"sc9-vws-mgmt-01.vmware.com","6.0.100-592"
"rsa-prod-am-1.vmware.com","6.0.100-592"
"sc9-nas-proxy-4","6.0.100-592"
"cpp-webapp05","3.7.1-100"
"ftpsite-prod-1.vmware.com","6.0.100-592"
"cpp-webapp03","3.7.1-100"
"pa-console01.vmware.com","5.0.105-169"
"stgflexdbrepo1.vmware.com","6.0.100-592"
"sc9-ns4-960-ftp-stream2","6.0.100-592"
"ldap-master-2.vmware.com","5.0.105-169"
"store-proddb01.store.ad","3.7.1-100"
"sc9-backup04.vmware.com","6.0.100-592"
"cliff.vmware.com.vmware.com","5.0.105-169"
"vam-prod-nas-proxy-1.vmware.com","3.7.1-100"
"vmportal3-vault.vmware.com","5.0.106-28"
"gss-prod-mysql-1.vmware.com","6.0.100-592"
"ora-fbi-prd-d1.vmware.com","6.0.100-592"
"cpp-r01","6.0.100-592"
"p4-prod-1.vmware.com","4.1.101-340"
"ora-bu-prd-d1.vmware.com","6.0.100-592"
"prod-appmarket-d1.vmware.com","4.1.101-340"
"wls-prod-admn-1.vmware.com","4.1.101-340"
"scripts-prod-2.vmware.com","5.0.106-28"
"bordeaux.vmware.com","5.0.105-169"
"colo-wlc03.store.ad","3.7.1-100"
"ora-stage-fmidm-a9.vmware.com","6.0.100-592"
"prodflexdbrepo1.vmware.com","5.0.105-169"
"wwwb-prod-job-1.vmware.com","6.0.100-592"
"vmext-dc02.vmext.ad","6.0.100-592"
"cware-db-prod.vmware.com","5.0.106-28"
"sc5-vc01.vmware.com","3.7.1-100"
"ora-prod-ebs-d1.vmware.com","6.0.100-592"
"partnerweb-prod-mysql-2.vmware.com","5.0.106-28"
"ora-prod-fmidm-w2.vmware.com","6.0.100-592"
"gss-prod-mysql-2.vmware.com","6.0.100-592"
"datamart-prod.vmware.com","6.0.100-592"
"prod-appmarket-p1.vmware.com","4.1.101-340"
"portal-stage-wlp-18.vmware.com","4.1.101-340"
"splunk-search-1.vmware.com","6.0.100-592"
"ora-prod-price-app-1.vmware.com","4.1.101-340"
"wwwapps-prod-web-4.vmware.com","6.0.100-592"
"portal-stage-wlp-10.vmware.com","4.1.101-340"
"mylearnweb-ci01","4.1.101-340"
"s2-prod-portal-6.vmware.com","5.0.105-169"
"ora-stage-osb-a1.vmware.com","4.1.101-340"
"vmweb-apache-ha-21.vmware.com","6.0.100-592"
"communities-prod-app-1.vmware.com","6.0.100-592"
"vam-prod-img-tfr-proxy-1.vmware.com","6.0.100-592"
"cpp-dc01.cpprod.corp","3.7.1-100"
"cchi-d420.vmware.com","3.7.1-100"
"sc9-ns4-960-ds-stream2","6.0.100-592"
"ora-prod-fmidm-a1.vmware.com","5.0.106-28"
"prod-appmarket-w1.vmware.com","4.1.101-340"
"ora-prod-price-ccm-1.vmware.com","4.1.101-340"
"vmweb-prod-peopleprofile.vmware.com","6.0.100-592"
"sc9-ns4-960-ftp-stream3","6.0.100-592"
"stage-appmarket-d1.vmware.com","4.1.101-340"
"cpp-r04","6.0.100-592"
"stage-appmarket-w1.vmware.com","4.1.101-340"
"ora-prod-inf-d1.vmware.com","5.0.106-28"
"s2-stage-support-w1.vmware.com","6.0.100-592"
"ora-prod-price-d1.vmware.com","4.1.101-340"
"cpp-db05.cpp.corp","6.0.100-592"
"cashmere.vmware.com","3.7.1-100"
"producmw1.vmware.com","6.0.100-592"
"webhost-prod-web-5.vmware.com","6.0.100-592"
"wlp-prod-pff-1.vmware.com","6.0.100-592"
"sc9-zenoss-col-1.vmware.com","5.0.106-28"
"ora-prod-custom-d1.vmware.com","6.0.100-592"
"ora-stage-ebs-rep-r1.vmware.com","6.0.100-592"
"ora-stage-fmsoa-a5.vmware.com","4.0.3-24"
"osdc-pri-app-2.vmware.com","5.0.106-28"
"ora-prod-siebel-r1.vmware.com","6.0.100-592"
"ora-stage-ebs-app-3.vmware.com","4.0.3-24"
"iwov-prod-search-1.vmware.com","5.0.106-28"
"mailman2.vmware.com","6.0.100-592"
"s2-prod-portal-4.vmware.com","5.0.105-169"
"sc9-ns4-960-or-stream1","6.0.100-592"
"sc9-ns4-960-or-stream3","6.0.100-592"
"sc9-ns4-960-hm-stream1","6.0.100-592"
"vmportal3-wfe1.vmware.com","5.0.106-28"
"vam-prod-mysql-10.vmware.com","6.0.100-592"
"producmw2.vmware.com","6.0.100-592"
"sc9-ns4-960-or-stream2","6.0.100-592"
"vmworld-prod-app-1.vmware.com","6.0.100-592"
"sc9-ns4-960-or-stream4","6.0.100-592"
"zenoss-prod-hub-1.vmware.com","5.0.106-28"
"ora-prod-fmsoa-r1.vmware.com","6.0.100-592"
"vmview-vc-1.vmware.com","5.0.105-169"
"vam-prod-solr-1.vmware.com","6.0.100-592"
"stageucma6","6.0.100-592"
"wwwapps-stage-dbmaster-1.vmware.com","3.7.1-100"
"iwov-prod-preview-1.vmware.com","5.0.106-28"
"portal-prod-wlp-5.vmware.com","4.1.101-340"
"pa-adc1"," unKnown "
"s2-prod-support-d1.vmware.com","6.0.100-592"
"vatc-web01","6.0.100-592"
"sc9-netdump.vmware.com","6.0.100-592"
"sc9-ns42-03-m1-stream2","6.0.100-592"
"avamar-win-proxy3.vmware.com","5.0.106-28"
"psowiki-mysql-1","5.0.106-28"
"osdc-ns80-02-m1-stream1","6.0.100-592"
"iwov-stg-mbdb1.vmware.com","6.0.100-592"
"usermgmt.vmware.com","5.0.105-169"
"ora-stage-siebel-r2.vmware.com","6.0.100-592"
"iwov-dev-mb-db1.vmware.com","6.0.100-592"
"zimbra-prod-license-d2.vmware.com","5.0.106-28"
"sc5-dbrestore.vmware.com","3.7.1-100"
"basava.store.ad","3.7.1-100"
"pa-psynch1.vmware.com","5.0.106-28"
"sc9-ldap-1.vmware.com","5.0.105-169"
"vam-prod-img-mgr-2.vmware.com","6.0.100-592"
"pa-sso"," unKnown "
"dr-websvc01.store.ad","3.7.1-100"
"www-lamp-6.vmware.com","3.7.1-100"
"portal-prod-flexlm-2.vmware.com","5.0.105-169"
"wwwa-prod-dbmaster-1.vmware.com","6.0.100-592"
"wwwa-prod-web-4a.vmware.com","6.0.100-592"
"opalis-prod-db.vmware.com","6.0.100-592"
"cpp-db4.cpprod.corp","4.0.3-24"
"ora-stage-ebs-r4.vmware.com","5.0.106-28"
"portal-stage-licn-2.vmware.com","6.0.100-592"
"gemstone-prod-proxy2.vmware.com","6.0.100-592"
"webops-labmgr.vmware.com","3.7.1-100"
"cpp-upload4.cpp.corp","6.0.100-592"
"portal-stage-betan-1.vmware.com","6.0.100-592"
"rnls-otrs.vmware.com","6.0.100-592"
"askvmware-prod-d1.vmware.com","5.0.106-28"
"eclipse-prod-techpubs-1.vmware.com","6.0.100-592"
"portal-prod-patm-2.vmware.com","4.1.101-340"
"cptb-db01","6.0.100-592"
"vmext-web01.vmext.ad","6.0.100-592"
"portal-stage-wlp-9.vmware.com","4.1.101-340"
"partnerweb-prod-cva-3.vmware.com","5.0.105-169"
"ora-stage-ebs-r2.vmware.com","6.0.100-592"
"fbi-prod-app-3.vmware.com","5.0.106-28"
"ora-prod-camm-1.vmware.com","5.0.105-169"
"portal-prod-wlp-8.vmware.com","4.1.101-340"
"bedrock.vmware.com","6.0.100-592"
"portal-stage-s3p3-2.vmware.com","4.1.101-340"
"sc9-ns4-960-hm-stream2","6.0.100-592"
"venafi.vmware.com","6.0.100-592"
"pa-psynch1"," unKnown "
"myln-prod-web-2.vmware.com","6.0.100-592"
"cpta-db01","6.0.100-592"
"s2-stage-support-d1.vmware.com","6.0.100-592"
"pearson-vue-sql-1.vmware.com","5.0.106-28"
"wlp-prod-patm-1.vmware.com","4.1.101-340"
"ora-stage-fmsoa-a1.vmware.com","4.0.3-24"
"ora-stage-fmwsoax-a3.vmware.com","6.0.100-592"
"s2-prod-portal-7.vmware.com","5.0.106-28"
"ora-stage-fmsoa-r2.vmware.com","6.0.100-592"
"cpta-web01","5.0.105-169"
"ora-prod-fmsoa-a5.vmware.com","5.0.106-28"
"conscripts-prod-1.vmware.com","5.0.106-28"
"view-2-364.vmware.com","5.0.106-28"
"producma1","6.0.100-592"
"vmstk-prod-1.vmware.com","5.0.105-169"
"pa-psynch2"," unKnown "
"portal-prod-s3p3-2.vmware.com","4.1.101-340"
"wwwb-prod-web-1.vmware.com","6.0.100-592"
"ora-stage-ebs-appx-11.vmware.com","6.0.100-592"
"cpp-w10","6.0.100-592"
"ad-otrs.vmware.com","6.0.100-592"
"qc-prod-app-1.vmware.com","6.0.100-592"
"ora-vf-vcd-r1.vmware.com","5.0.106-28"
"ora-prod-fbi-d1.vmware.com","6.0.100-592"
"ora-prod-fmidm-a2.vmware.com","5.0.106-28"
"ora-prod-fmidm-a7.vmware.com2011.09.20.12.14.45","4.1.101-340"
"s2-prod-wsvcs-1.vmware.com","5.0.106-28"
"wwwapps-prod-web-3.vmware.com","6.0.100-592"
"advantech-vc-1.vmware.com2010.09.23.11.09.29","5.0.105-169"
"vam-prod-lamp-11.vmware.com","6.0.100-592"
"wwwa-prod-dbslave-1.vmware.com","6.0.100-592"
"cpp-w06","6.0.100-592"
"cpp-dc1.cpp.corp","4.0.3-24"
"dr-stagewsvc1.vmware.com","6.0.100-592"
"cpp-w07","6.0.100-592"
"webops-sql.vmware.com","3.7.1-100"
"sc9-ora-dmprod-d1.vmware.com","5.0.106-28"
"sc9-prod-ebiz-dns-1.vmware.com","5.0.105-169"
"s2-prod-wwworg-d1.vmware.com","5.0.105-169"
"s2-prod-bloghforum-p1.vmware.com","5.0.105-169"
"sc9-nas-proxy-3.vmware.com","6.0.100-592"
"prod-ksdmmk-d1.vmware.com","6.0.100-592"
"pubeval-wlc2.store.ad","3.7.1-100"
"ora-prod-ebs-appx-11.vmware.com","6.0.100-592"
"ora-prod-fmwsoax-a2.vmware.com","6.0.100-592"
"cpp-webapp08","3.7.1-100"
"sc9-ns42-02-m1-stream32011.08.29.16.53.16","5.0.105-169"
"ora-stage-fmwsoax-a2.vmware.com","6.0.100-592"
"obie-mkt-prod1.vmware.com","6.0.100-592"
"ora-prod-fmwsoax-a4.vmware.com","6.0.100-592"
"s2-prod-hyperic-w2.vmware.com","6.0.100-592"
"ora-prod-ksods-d1.vmware.com","6.0.100-592"
"jabber-prod-2.vmware.com","5.0.105-169"
"avepoint01.vmware.com","5.0.106-28"
"ora-stage-fmwsoax-r1.vmware.com","6.0.100-592"
"knova-prod-kb2.vmware.com","6.0.100-592"
"ora-prod-fmwsoax-r2.vmware.com","6.0.100-592"
"wwwb-prod-web-2.vmware.com","6.0.100-592"
"cpp-db3.cpprod.corp","4.0.3-24"
"cpp-db5.cpprod.corp","3.7.1-100"
"portal-prod-flexlm-1.vmware.com","5.0.105-169"
"ora-prod-dnb-d1.vmware.com","5.0.106-28"
"communities-prod-app-4.vmware.com","6.0.100-592"
"webmysql-prd-1.vmware.com","5.0.105-169"
"otrs-db.vmware.com","5.0.106-28"
"vmext-index01.vmext.ad","6.0.100-592"
"cptb-web03","3.7.1-100"
"ora-prod-ebs-app-1.vmware.com","6.0.100-592"
"s2-prod-portal-10.vmware.com","5.0.106-28"
"s2-prod-forumorg-d1.vmware.com","5.0.105-169"
"ora-stage-fmwsoax-r2.vmware.com","6.0.100-592"
"cpp-web1","3.7.1-100"
"cpp-webapp07","3.7.1-100"
"mylnstg","5.0.105-169"
"sc9-ns4-960-ds-stream3","6.0.100-592"
"myln-prod-db.vmware.com","6.0.100-592"
"vf-vcd-vc-n1.vmware.com","5.0.106-28"
"vf-vcd-vc-n2.vmware.com","5.0.106-28"
"pa-navmgr03.vmware.com","4.0.3-24"
"sc9-ns4-960-hm-stream4","6.0.100-592"
"webdev.vmware.com","6.0.100-592"
"pchmgmt-wlc4.vmware.com","3.7.1-100"
"mozy-prod-zabbix-2.vmware.com","5.0.106-28"
"colo-edi.vmware.com","3.7.1-100"
"iwov-prod-teamsite-1.vmware.com","5.0.106-28"
"newroadshow.zimbra.com","4.1.101-340"
"ora-prod-fmwsoax-a1.vmware.com","6.0.100-592"
"communities-prod-app-5.vmware.com","6.0.100-592"
"ora-prod-fmwsoax-r1.vmware.com","6.0.100-592"
"vf-vcd-vcdb-n1.vmware.com","5.0.106-28"
"www-prod-db2.zimbra.com","6.0.100-592"
"pa-bes01.vmware.com","5.0.105-169"
"ora-rm-mount-d1.vmware.com","5.0.106-28"
"portal-prod-s3p3-1.vmware.com","4.1.101-340"
"ora-stage-ebs-disco-12.vmware.com","6.0.100-592"
"portal-prod-admin-1.vmware.com","4.1.101-340"
"sc9-ora-dmprod-d1-new.vmware.com","4.0.3-24"
"vmportal3-wss1.vmware.com","5.0.106-28"
"www-prod-wcm-typo3-1.vmware.com","5.0.105-169"
"cptb-upload01","6.0.100-592"
"www-prod-3.zimbra.com","4.1.101-340"
"zimbra-prod-license-d1.vmware.com","5.0.106-28"
"drupal-cs-prod-web-1.vmware.com","5.0.106-28"
"iwov-stage-livesite-db-1.vmware.com2011.12.14.16.18.53","4.1.101-340"
"portal-prod-wlp-10.vmware.com","4.1.101-340"
"ora-stage-ebs-r11.vmware.com","6.0.100-592"
"s2-prod-patm-4.vmware.com","5.0.106-28"
"s2-prod-wwworg-p1.vmware.com","5.0.105-169"
"cpp-upload3.cpp.corp","6.0.100-592"
"vam-prod-mysql-11.vmware.com","6.0.100-592"
"portal-prod-wlp-13.vmware.com","4.1.101-340"
"proxy145.vmware.com","5.0.105-169"
"ora-prod-ebs-disco-1.vmware.com","6.0.100-592"
"ora-prod-pridm-d1.vmware.com","6.0.100-592"
"ora-prod-fmwsoa-a8.vmware.com","5.0.106-28"
"vam-stage-mysql-2.vmware.com","3.7.1-100"
"s2-prod-hhqpatm-1.vmware.com","5.0.106-28"
"gemstone-prod-community-p1.vmware.com","6.0.100-592"
"ora-prod-fmsoa-a8.vmware.com","5.0.106-28"
"sc9-altiris-db.vmware.com","6.0.100-592"
"pa-backup3.vmware.com","5.0.106-28"
"ora-prod-slsdm-d1.vmware.com2011.12.07.15.24.05","6.0.100-592"
"ora-vcd-db2.vmware.com","5.0.106-28"
"stage-appmarket-p1.vmware.com","4.1.101-340"
"stageucmw2","6.0.100-592"
"ora-prod-ebs-app-6.vmware.com","6.0.100-592"
"ora-stage-fmwsoax-a4.vmware.com","6.0.100-592"
"portal-prod-wlp-14.vmware.com","4.1.101-340"
"s2-prod-patm-3.vmware.com","5.0.106-28"
"vam-prod-solr-2.vmware.com","6.0.100-592"
"portal-prod-wlp-17.vmware.com","4.1.101-340"
"ora-stage-fmidm-w1.vmware.com","4.0.3-24"
"scripts-prod-3.vmware.com","5.0.106-28"
"sc9-ns120-02-pd-stream4","6.0.100-592"
"portal-prod-wlp-3.vmware.com","4.1.101-340"
"bullwinkle.vmware.com","5.0.105-169"
"va-mysql-2.vmware.com","3.7.1-100"
"portal-prod-wlp-7.vmware.com","4.1.101-340"
"ora-prod-siebel-d1.vmware.com","4.1.100-1470"
"obie-prod-ksmk2.vmware.com","5.0.105-169"
"portal-prod-wlp-21.vmware.com","4.1.101-340"
"cpp-w04","6.0.100-592"
"cpp-w03","6.0.100-592"
"ora-stage-ebs-rep-app-13.vmware.com","6.0.100-592"
"cpp-webapp02","3.7.1-100"
"vmworld-prod-dbmaster-1.vmware.com","6.0.100-592"
"ora-prod-fmidm-a10.vmware.com","5.0.106-28"
"psa-iis-prod1","5.0.106-28"
"vmworld-prod-dbslave-1.vmware.com","5.0.106-28"
"partnerweb-prod-cva-2.vmware.com","5.0.105-169"
"ora-prod-inf-d2.vmware.com","6.0.100-592"
"portal-prod-webgate-1.vmware.com","6.0.100-592"
"ora-prod-ebs-r11.vmware.com","6.0.100-592"
"zenoss-prod-db-1.vmware.com","5.0.106-28"
"scripts-prod-1.vmware.com","5.0.106-28"
"portal-stage-wlp-12.vmware.com","4.1.101-340"
"mailhost2.vmware.com","5.0.105-169"
"ora-stage-ebs-app-4.vmware.com","4.0.3-24"
"s3web-prod-1.vmware.com","4.1.101-340"
"portal-stage-wlp-2.vmware.com","4.1.101-340"
"ora-prod-fmidm-w1.vmware.com","5.0.106-28"
"ora-prod-fmwsoax-a3.vmware.com","6.0.100-592"
"store-dbrepo2.vmware.com","5.0.106-28"
"mylndb","5.0.105-169"
"vum-prod-1.vmware.com","5.0.105-169"
"producma4.vmware.com","6.0.100-592"
"vmext-sql01.vmext.ad","6.0.100-592"
"gss-prod-e2c-1.vmware.com","5.0.106-28"
"sc9-avamar1-ndmp1.vmware.com","5.0.106-28"
"communities-prod-app-6.vmware.com","6.0.100-592"
"osdc-pri-app-1.vmware.com","5.0.106-28"
"pa-ftr01.vmware.com","5.0.105-169"
"s2-prod-hyperic-d1.vmware.com","6.0.100-592"
"pchmgmt-wlc3.vmware.com","3.7.1-100"
"nexpose-prod.vmware.com","5.0.105-169"
"cpp-web2","4.0.3-24"
"drupal-tr-prod-dbslave-1.vmware.com","6.0.100-592"
"ora-stage-ucm-d1","4.0.3-24"
"sc9-backup02.vmware.com","4.0.3-24"
"web-prod-6.vmware.com","4.0.3-24"
"sc9-ns120-02-pd-stream1","6.0.100-592"
"va-drupal-mysql-4.vmware.com","3.7.1-100"
"s2-prod-gsscm-2.vmware.com","5.0.106-28"
"s2-stage-support-p1.vmware.com","6.0.100-592"
"sc9-altiris-us.vmware.com","5.0.105-169"
"ora-prod-ebs-app-15.vmware.com","6.0.100-592"
"ora-prod-fmidm-r2.vmware.com","6.0.100-592"
"arbus-prod-db1.vmware.com","5.0.106-28"
"sc9-ns42-02-m1-stream42011.08.29.16.53.29","5.0.106-28"
"obie-prod-ksfr2.vmware.com","5.0.105-169"
"sc9-ora-prod-dnb-d1.vmware.com","5.0.106-28"
"myln-prod-web-1.vmware.com","6.0.100-592"
"va-drupal-mysql-3.vmware.com","3.7.1-100"
"gss-pr-mysql-m2.vmware.com","5.0.106-28"
"vmworld-prod-jive-1.vmware.com","3.7.1-100"
"myln-uatdb","3.7.1-100"
"ora-prod-ebs-app-13.vmware.com","6.0.100-592"
"portal-stage-wlp-17.vmware.com","4.1.101-340"
"cpp-web8","4.0.3-24"
"ws-proddb03.store.ad","3.7.1-100"
"wlp-prod-offpm-2.vmware.com","4.1.101-340"
"ws-proddb04.store.ad","3.7.1-100"
"vmview-vdm-2.vmware.com","4.0.3-24"
"ora-stage-ebs-app-13.vmware.com","6.0.100-592"
"vmview-vdm-1.vmware.com","4.0.3-24"
"wlp-prod-offpm-1.vmware.com","4.1.101-340"
"ora-stage-ebs-app-1.vmware.com","4.0.3-24"
"www-prod-4.zimbra.com","4.1.101-340"
"colo-knova7addb.store.ad","3.7.1-100"
"viops-prod-jive-1.vmware.com","3.7.1-100"
"wls-prod-utiln-2.vmware.com","4.1.101-340"
"ora-stage-ebs-rep-app-12.vmware.com","6.0.100-592"
"pa-adminwk-01.vmware.com","5.0.105-169"
"ora-prod-ebs-rep-ccm-11.vmware.com","6.0.100-592"
"www-lamp-5.vmware.com","3.7.1-100"
"communities-prod-gbot-4.vmware.com","6.0.100-592"
"s2-prod-hyperic-w1.vmware.com","6.0.100-592"
"wsrootdc02.store.ad","3.7.1-100"
"www-lamp-4.vmware.com","3.7.1-100"
"www-lamp-nfs-3.vmware.com","3.7.1-100"
"ora-stage-ebs-r12.vmware.com","6.0.100-592"
"wwwapps-prod-dbslave-1a.vmware.com","5.0.106-28"
"webmysql-dev-1.vmware.com","3.7.1-100"
"ora-prod-iwov-d1.vmware.com","5.0.106-28"
"s2-prod-portal-1.vmware.com","5.0.105-169"
"www-lamp-mysql-1.vmware.com","3.7.1-100"
"ora-stage-inf-d1.vmware.com","5.0.106-28"
"ora-prod-ebs-ccm-11.vmware.com","6.0.100-592"
"wwwa-loadtest-lamp-1.vmware.com","3.7.1-100"
"wwwapps-prod-dbmaster-2.vmware.com","5.0.105-169"
"onesource.vmware.com","6.0.100-592"
"ora-prod-ucm-d2.vmware.com","6.0.100-592"
"s2-prod-offpm-2.vmware.com","5.0.106-28"
"ora-stage-ebs-disco-13.vmware.com","6.0.100-592"
"zimbra-mbox-1.vmware.com","5.0.105-169"
"portal-prod-wlp-15.vmware.com","4.1.101-340"
"ora-prod-ebs-r13.vmware.com","6.0.100-592"
"ora-prod-ebs-disco-12.vmware.com","6.0.100-592"
"ora-stage-ebs-rep-ccm-11.vmware.com","6.0.100-592"
"zimbra-mta-1.vmware.com","5.0.105-169"
"portal-stage-wlp-7.vmware.com","4.1.101-340"
"zimbra-prod-license-p2.vmware.com","5.0.106-28"
"at-view-cs03"," unKnown "
"vmwstagelic.vmware.com","6.0.100-592"
"pchmgmt-prod-web-1.vmware.com","6.0.100-592"
"vc-federal-db-1.vmware.com","5.0.105-169"
"sqlgrey-prod-d1.vmware.com","5.0.105-169"
"jiveapp-prd12.vmware.com","3.7.1-100"
"ora-stage-ebs-app-11.vmware.com","6.0.100-592"
"ora-stage-ebs-rep-r11.vmware.com","6.0.100-592"
"ora-prod-ebs-rep-app-12.vmware.com","6.0.100-592"
"ora-prod-ebs-app-16.vmware.com","6.0.100-592"
"colo-siebdbrep.store.ad","3.7.1-100"
"vmportal3-wfe2.vmware.com","5.0.106-28"
"cpp-upload1.cpp.corp","6.0.100-592"
"cware-app1-old","5.0.106-28"
"gemstone-prod-ftp.vmware.com","6.0.100-592"
"vmext-dc01.vmext.ad","6.0.100-592"
"fbi-prod-app-1.vmware.com","5.0.106-28"
"scrootdc07.vmware.com","6.0.100-592"
"scrootdc02.vmware.com","6.0.100-592"
"portal-stage-wlp-15.vmware.com","4.1.101-340"
"ora-stage-fmb2b-r1.vmware.com","6.0.100-592"
"wls-prod-utiln-1.vmware.com","4.1.101-340"
"pchmgmt-wlc2.vmware.com","3.7.1-100"
"ora-prod-ebs-disco-11.vmware.com","6.0.100-592"
"ora-prod-ebs-ccm-13.vmware.com","6.0.100-592"
"cpp-db02.cpp.corp","6.0.100-592"
"vmworld-prod-jive-11.vmware.com","3.7.1-100"
"wwwa-prod-web-6a.vmware.com","6.0.100-592"
"producma5.vmware.com","6.0.100-592"
"communities-prod-app-3.vmware.com","6.0.100-592"
"wsrootdc01.store.ad","4.0.3-24"
"portal-stage-wlp-4.vmware.com","4.1.101-340"
"webops-lamp-2.vmware.com","3.7.1-100"
"s2-prod-bloghforum-d1.vmware.com","5.0.105-169"
"s3p-prod-web-1.vmware.com","4.0.3-24"
"ws-proddb02.store.ad","3.7.1-100"
"osdc-ns80-03-m1-stream3","5.0.106-28"
"sfdc-prod-wsv-1","6.0.100-592"
"obie-prod-ksmk1.vmware.com","5.0.105-169"
"scrootdc06.vmware.com","6.0.100-592"
"sc9-ns42-03-m1-stream3","6.0.100-592"
"ws-proddb01.store.ad","3.7.1-100"
"myln-prod-distr.vmware.com","6.0.100-592"
"ora-prod-fmsoa-w2.vmware.com","4.1.100-1470"
"scrootdc01.vmware.com","6.0.100-592"
"cpp-web7","4.0.3-24"
"vmview-vdm-3.vmware.com","4.0.3-24"
"ora-prod-fmb2b-a1.vmware.com","6.0.100-592"
"portal-flexdb-1.vmware.com","6.0.100-592"
"ora-p-dnbim-a1.vmware.com","5.0.105-169"
"portal-prod-wlp-4.vmware.com","4.1.101-340"
"portal-stage-wlp-16.vmware.com","4.1.101-340"
"sc5-vmg1-2.vmware.com","3.7.1-100"
"dr-portal01.store.ad","3.7.1-100"
"salesops-prod-otrs-d1.vmware.com","6.0.100-592"
"jabber-prod-db-1.vmware.com","6.0.100-592"
"chanhtest","3.7.1-100"
"osdc-ns80-01-m1-stream32011.08.29.16.41.15","5.0.106-28"
"ora-stage-fmsoa-r1.vmware.com","6.0.100-592"
"askvmware-prod-a1.vmware.com","5.0.106-28"
"s2-prod-wwworg-w1.vmware.com","6.0.100-592"
"webhost-prod-webfailover-1.vmware.com","6.0.100-592"
"vmshr-test-idx.vmware.com","3.7.1-100"
"vmworld-prod-mysql-10.vmware.com","3.7.1-100"
"cpp-db07.cpp.corp","6.0.100-592"
"perforce-prod1.vmware.com","6.0.100-592"
"vmext-backup01.vmext.ad","3.7.1-100"
"cptb-web01","5.0.105-169"
"cpp-w02","6.0.100-592"
"s2-prod-wsvcs-2.vmware.com","5.0.106-28"
"ora-stage-ebs-ccm-1.vmware.com","4.1.101-340"
"pa-dhcp03.vmware.com","5.0.105-169"
"wwwb-lamp-3.vmware.com","3.7.1-100"
"salesops.vmware.com","4.0.3-24"
"vc-federal-1.vmware.com","5.0.105-169"
"at-view-cs02"," unKnown "
"sc9-kms-01.vmware.com","6.0.100-592"
"ora-prod-osb-a1.vmware.com","6.0.100-592"
"it-capacity-win.vmware.com","6.0.100-592"
"sc9-srm-vcdb-1.vmware.com","5.0.106-28"
"vam-prod-img-tfr-2.vmware.com","6.0.100-592"
"webqa.vmware.com","5.0.105-169"
"osdc-ns80-01-m1-stream42011.08.29.16.41.32","5.0.106-28"
"vam-prod-img-mgr-mysql-1.vmware.com","6.0.100-592"
"vam-prod-img-mgr-mysql-2.vmware.com","6.0.100-592"
"web-prod-5.vmware.com","4.1.101-340"
"s3web-clone-2.vmware.com","4.0.3-24"
"dr-prodwsvc2.vmware.com","6.0.100-592"
"vnoc-sqldb-01.vmware.com","5.0.106-28"
"communities-prod-gbot-6.vmware.com","6.0.100-592"
"eis-prod-atlasdb-1.vmware.com","6.0.100-592"
"s2-prod-patm-1.vmware.com","5.0.106-28"
"epo-app-1.vmware.com","4.0.3-24"
"www-prod-1.zimbra.com","4.1.101-340"
"obie-prod-ksfr1.vmware.com","5.0.105-169"
"www-prod-2.zimbra.com","4.1.101-340"
"vmweb-apache-ha-22.vmware.com","6.0.100-592"
"vadk.vmware.com","3.7.1-100"
"ora-prod-ebs-rep-r1.vmware.com","6.0.100-592"
"vfoglight-col-2","5.0.105-169"
"osdc-ns80-02-m4-stream3","6.0.100-592"
"govirtual-prod-jive-10.vmware.com","6.0.100-592"
"producma6.vmware.com","6.0.100-592"
"sc9-ns120-02-pd-stream3","6.0.100-592"
"ora-replmgr-1.vmware.com","5.0.105-169"
"cpp-upload2.cpp.corp","6.0.100-592"
"webops-labmgr1.vmware.com","3.7.1-100"
"sc9-ns4-960-ftp-stream4","6.0.100-592"
"ora-stage-fmidm-a5.vmware.com","6.0.100-592"
"portal-prod-webgate-2.vmware.com","6.0.100-592"
"ora-prod-ebs-rep-ccm-2.vmware.com","5.0.105-169"
"eloqua-md-prod-lamp-1.vmware.com","3.7.1-100"
"stageucma5","6.0.100-592"
"ora-prod-fmsoa-a6.vmware.com","5.0.106-28"
"ora-prod-fmb2b-r1.vmware.com","6.0.100-592"
"s2-prod-support-w1.vmware.com","6.0.100-592"
"colo-knova7adm.store.ad","3.7.1-100"
"colo-knova7kss3.store.ad","3.7.1-100"
"wls-stage-utiln-2.vmware.com","6.0.100-592"
"colo-knova-adm1.store.ad","4.0.3-24"
"s2-prod-forumorg-p1.vmware.com","5.0.105-169"
"ora-prod-ebs-app-14.vmware.com","6.0.100-592"
"thinapp-qr-1.vmware.com","6.0.100-592"
"vam-prod-img-tfr-proxy-2.vmware.com","6.0.100-592"
"ora-prod-grid-d1.vmware.com","6.0.100-592"
"ora-stage-ebs-app-16.vmware.com","6.0.100-592"
"itopsdocs.vmware.com","5.0.105-169"
"cpp-w01","5.0.105-169"
"wwwa-prod-nfs-1.vmware.com","6.0.100-592"
"sc9-dns-3.vmware.com","5.0.106-28"
"webhost-prod-web-2.vmware.com","6.0.100-592"
"ora-prod-ebs-app-5.vmware.com","6.0.100-592"
"basava.vmware.com","6.0.100-592"
"iwov-stage-teamsite-1.vmware.com","5.0.106-28"
"downloads-eoa.vmware.com","6.0.100-592"
"colo-knova7kss2.store.ad","3.7.1-100"
"ora-stage-ebs-rep-app-11.vmware.com","6.0.100-592"
"sc9-ns42-03-m1-stream4","6.0.100-592"
"epo-db-1.vmware.com","4.0.3-24"
"ora-prod-ebs-app-11.vmware.com","6.0.100-592"
"knova-prod-kb1.vmware.com","4.0.3-24"
"askvmware-prod-w1.vmware.com","6.0.100-592"
"stageucma7","6.0.100-592"
"ora-prod-ebs-disco-2.vmware.com","6.0.100-592"
"ora-stage-fmwsoax-a1.vmware.com","6.0.100-592"
"communities-prod-db-1.vmware.com","6.0.100-592"
"abdon"," unKnown "
"ftpsite-prod-2.vmware.com","6.0.100-592"
"wwwa-prod-web-3a.vmware.com","6.0.100-592"
"producma2.vmware.com","6.0.100-592"
"cpp-r03","6.0.100-592"
"va-drupal-2.vmware.com","3.7.1-100"
"sc9-ns4-960-ds-stream1","6.0.100-592"
"ora-prod-ebs-disco-13.vmware.com","6.0.100-592"
"osdc-ns80-03-m1-stream1","6.0.100-592"
"ora-stage-ebs-app-15.vmware.com","6.0.100-592"
"ora-stage-siebel-r1.vmware.com","6.0.100-592"
"portal-prod-wlp-11.vmware.com","4.1.101-340"
"osdc-ns80-03-m1-stream2","6.0.100-592"
"wwwb-lamp-1.vmware.com","3.7.1-100"
"weblogicquad.vmware.com","3.7.1-100"
"portal-stage-wlp-14.vmware.com","4.1.101-340"
"cware-app1-prod.vmware.com","5.0.106-28"
"vmweb-prod-people-1.vmware.com","6.0.100-592"
"s2-prod-hyperic-d2.vmware.com","6.0.100-592"
"view-cs02"," unKnown "
"portal-stage-wlp-20.vmware.com","4.1.101-340"
"www-lamp-3.vmware.com","3.7.1-100"
"zimbra-ldap-master-1.vmware.com","5.0.105-169"
"ora-prod-bu-d1.vmware.com","5.0.106-28"
"ora-stage-ebs-ccm-2.vmware.com","4.1.101-340"
"ora-prod-fmsoa-r2.vmware.com","6.0.100-592"
"trango-support.vmware.com","5.0.105-169"
"govirtual-prod-lamp-1.vmware.com","6.0.100-592"
"portal-stage-wlp-13.vmware.com","4.1.101-340"
"ora-stage-grid-oms-1.vmware.com","4.1.100-1470"
"va-drupal-mysql-2.vmware.com","3.7.1-100"
"maildir.vmware.com","5.0.105-169"
"ora-stage-ebs-r1.vmware.com","6.0.100-592"
"ora-prod-sfa3intr-d1.vmware.com","4.1.101-340"
"osdc-ns80-03-m4-stream4","5.0.106-28"
"wwwapps-prod-dbslave-1.vmware.com","5.0.106-28"
"ora-stage-fmidm-a6.vmware.com","6.0.100-592"
"mozy-prod-zabbix-1.vmware.com","5.0.106-28"
"s2-prod-patm-2.vmware.com","5.0.106-28"
"s2-prod-portal-9.vmware.com","5.0.106-28"
"time2.vmware.com","5.0.106-28"
"softwareupdate-prod.vmware.com","6.0.100-592"
"ora-prod-rcat-d1.vmware.com","5.0.105-169"
"s2-prod-portal-2.vmware.com","5.0.105-169"
"s2-prod-portal-5.vmware.com","5.0.105-169"
"cpp-r02","6.0.100-592"
"portal-stage-wlp-11.vmware.com","4.1.101-340"
"drupal-tr-prod-dbmaster-1.vmware.com","6.0.100-592"
"wls-stage-utiln-1.vmware.com","6.0.100-592"
"ora-stage-ebs-ccm-12.vmware.com","6.0.100-592"
"wwwapps-prod-dbmaster-3.vmware.com","5.0.105-169"
"ora-stage-ebs-r13.vmware.com","6.0.100-592"
"cpp-db7.cpprod.corp","3.7.1-100"
"cptb-db1","3.7.1-100"
"ora-prod-ebs-ccm-12.vmware.com","6.0.100-592"
"osdc-ns80-03-m4-stream2","6.0.100-592"
"wls-stage-admn-1.vmware.com","6.0.100-592"
"sc9-mailhost2.vmware.com","5.0.105-169"
"ora-prod-ddt-d1.vmware.com","6.0.100-592"
"ora-prod-ebs-r12.vmware.com","6.0.100-592"
"gemstone-prod-proxy1.vmware.com","6.0.100-592"
"ora-stage-ebs-r14.vmware.com","6.0.100-592"
"labs-prod-web-1.vmware.com","6.0.100-592"
"ora-prod-prietl-d1.vmware.com","6.0.100-592"
"ora-prod-ebs-rep-app-11.vmware.com","6.0.100-592"
"ora-stage-ebs-ccm-13.vmware.com","6.0.100-592"
"ora-stage-ebs-app-12.vmware.com","6.0.100-592"
"booking-arcdb.vmware.com","5.0.106-28"
"at-view-cs01"," unKnown "
"vmportal3-db2.vmware.com","5.0.106-28"
"ora-stage-ebs-app-14.vmware.com","6.0.100-592"
"sc9-nas-proxy-1.vmware.com","6.0.100-592"
"pchmgmt-prod-web-2.vmware.com","6.0.100-592"
"zimbra-bes-11.vmware.com","6.0.100-592"
"ora-prod-fmb2b-r2.vmware.com","6.0.100-592"
"cpta-web04","6.0.100-592"
"nis2.vmware.com","5.0.105-169"
"portal-prod-wlp-20.vmware.com","4.1.101-340"
"dr-websvc02.store.ad","3.7.1-100"
"wwwapps-prod-dbmaster-1.vmware.com","6.0.100-592"
"sc9-splunk-index-2.vmware.com","6.0.100-592"
"producma3.vmware.com","6.0.100-592"
"www-lamp-1.vmware.com","3.7.1-100"
"eis-prod-atlas-1.vmware.com","6.0.100-592"
"ora-stage-fmidm-a7.vmware.com","6.0.100-592"
"iwov-prod-mbdb1.vmware.com","5.0.105-169"
"osdc-ns80-02-m1-stream4","6.0.100-592"
"ora-stage-fmidm-a8.vmware.com","6.0.100-592"
"portal-stage-licn-1.vmware.com","6.0.100-592"
"buy-prod-2.zimbra.com","4.1.101-340"
"mylnweb01","3.7.1-100"
"s2-finance.vmware.com","4.1.101-340"
"ora-test2-fmsoa-a4.vmware.com","5.0.106-28"
"replmgr-srv-1.vmware.com","5.0.105-169"
"store-dbrepo2.vmware.com","5.0.105-169"
"cpta-w02","4.1.101-340"
"ora-dev1-fmb2b-d1.vmware.com","4.1.101-340"
"wdc-rem-mgmt.vmware.com","5.0.105-169"
"ora-qai-fmsoa-a6.vmware.com","5.0.106-28"
"ora-lt-fmsoa-a6.vmware.com","5.0.106-28"
"lm-db.vmware.com","6.0.100-592"
"ora-qa-ksmkdm-d1.vmware.com","4.1.101-340"
"ora-dev3-fmsoa-a2.vmware.com","5.0.106-28"
"communities-lt-db-1.vmware.com","4.0.3-24"
"ora-test2-osb-a1.vmware.com","6.0.100-592"
"ora-dev1-fmsoa-d1.vmware.com","4.1.101-340"
"obie-lt-sls-a2.vmware.com","5.0.106-28"
"ora-test2-fmsoa-a5.vmware.com","5.0.106-28"
"wdc-ns42-71-m1-stream1","5.0.105-169"
"iwov-qa-deploy-1.vmware.com2011.12.14.16.13.01","4.1.101-340"
"wdc-hppc11-ctl2.vmware.com","5.0.106-28"
"ora-qa-ksedw-d1.vmware.com","4.1.101-340"
"ora-dev2-ksinf-d1.vmware.com","4.1.101-340"
"obie-uat-mkt-a1.vmware.com","5.0.106-28"
"cpta-w01","4.1.101-340"
"ora-test2-ebs-r2.vmware.com","4.1.101-340"
"mylearnweb-ci01","4.1.101-340"
"ora-qai-fmsoa-a7.vmware.com","5.0.106-28"
"ora-dev1-fmidm-a1.vmware.com","4.1.101-340"
"obie-lt-mkt-a1.vmware.com","5.0.106-28"
"knova-sbx-bkptest","5.0.105-169"
"knova-sbx.vmware.com","5.0.105-169"
"vmware-44d4dcbe","4.1.106-27"
"ora-lt-osb-a1.vmware.com","5.0.106-28"
"ora-keytmp1-ucm-d1.vmware.com","4.1.101-340"
"wdc-srm-vum-2.vmware.com","6.0.100-592"
"wdc-rackwise.vmware.com","5.0.105-169"
"wdc-srm-vcdb-2.vmware.com","6.0.100-592"
"ora-lt-fmsoa-a7.vmware.com","5.0.106-28"
"ora-test2-fmsoa-a2.vmware.com","4.1.101-340"
"ora-test2-ebs-app-6.vmware.com","4.1.101-340"
"ora-test2-fmwsoax-a1.vmware.com","6.0.100-592"
"ora-test2-fmidm-a3.vmware.com","4.1.101-340"
"ora-stage-fmsoa-a6.vmware.com","4.1.101-340"
"ora-test2-fmidm-r2.vmware.com","4.1.101-340"
"obie-dev-sls-a1.vmware.com","5.0.105-169"
"obie-lt-sls-a1.vmware.com","5.0.106-28"
"iwov-test-db-1.vmware.com2011.12.14.16.14.52","4.1.100-1470"
"wdc-srm-vc-db-1.vmware.com","6.0.100-592"
"wdc-ns120-m1-stream3","5.0.105-169"
"replmgr-mh-1.vmware.com","5.0.105-169"
"ora-test2-fmwsoa-a2.vmware.com","5.0.106-28"
"wdc-zenoss-col-1.vmware.com","6.0.100-592"
"sql08-dev.vmware.com","5.0.106-28"
"iwov-dev-teamsite-1.vmware.com","6.0.100-592"
"ora-qai-osb-a2.vmware.com","5.0.106-28"
"moss64-dev-1.vmware.com","4.1.101-340"
"ora-dev1-pim-app-1.vmware.com","4.1.101-340"
"ora-test2-fmsoa-a1.vmware.com","4.1.101-340"
"ora-qai-fmwsoax-a2.vmware.com","6.0.100-592"
"wdc-rackwise-35.vmware.com","5.0.106-28"
"wdc-hppc11-ctl1.vmware.com","5.0.105-169"
"ora-test2-ucm-a2.vmware.com","5.0.106-28"
"ora-test2-fmidm-w2.vmware.com","4.0.3-24"
"wdc-sanw11.vmware.com","5.0.106-28"
"ora-test2-ebs-disco-3.vmware.com","4.1.101-340"
"ora-dev-inf-d1.vmware.com","4.1.101-340"
"ora-dev1-fmidm-d1.vmware.com","4.1.101-340"
"wdc-vc-db-1.vmware.com","5.0.105-169"
"ora-test2-ucm-d1.vmware.com","4.1.101-340"
"ora-uat-fmsoa-a7.vmware.com","5.0.106-28"
"ora-test2-ebs-ccm-1.vmware.com","4.1.101-340"
"ora-uat-fmwsoax-a1.vmware.com","6.0.100-592"
"ora-dev2-ksods-d1.vmware.com","4.1.101-340"
"s2-dev-s3logs-1.vmware.com","4.1.101-340"
"iwov-test-search-1.vmware.com2011.12.14.16.10.33","4.1.100-1470"
"wdc-splunk-index-1.vmware.com","6.0.100-592"
"ora-qai-fmwsoax-d1.vmware.com","6.0.100-592"
"ora-test2-fmsoa-r2.vmware.com","4.1.101-340"
"ora-dev-ksedw-d1.vmware.com","4.1.101-340"
"s2-dev-webapp-1.vmware.com","4.1.101-340"
"ora-uat-fmwsoax-a2.vmware.com","6.0.100-592"
"ora-uat-fmwsoax-a4.vmware.com","6.0.100-592"
"ora-test2-fmidm-a2.vmware.com","4.1.101-340"
"ora-uat-fmwsoax-a3.vmware.com","6.0.100-592"
"wdc-ns120-m1-stream4","5.0.105-169"
"pa-sql04.vmware.com","6.0.100-592"
"wdc-srm-2.vmware.com","6.0.100-592"
"ora-qai-fmwsoax-a1.vmware.com","6.0.100-592"
"ora-test2-fmsoa-w1.vmware.com","4.1.101-340"
"wdc-ns42-71-m1-stream3","5.0.105-169"
"ora-test2-fmsoa-a3.vmware.com","4.1.101-340"
"pa-backup3","4.1.101-340"
"kar-backup3mirror","4.1.101-340"
"ora-test2-ebs-disco-2.vmware.com","4.1.101-340"
"ora-dev1-fmb2b-a1.vmware.com","4.1.101-340"
"ora-test2-fmb2b-r2.vmware.com","4.1.101-340"
"ora-uat-osb-a1.vmware.com","5.0.106-28"
"wdc-dcfm11.vmware.com","5.0.106-28"
"vc-dev-1.vmware.com","6.0.100-592"
"pa-backup3-poc","4.1.101-340"
"wdcrootdc02.vmware.com","5.0.105-169"
"ora-test2-fmb2b-a1.vmware.com","4.1.101-340"
"ora-qai-osb-a1.vmware.com","5.0.106-28"
"ora-uat-osb-a2.vmware.com","5.0.106-28"
"ora-qa-ksbkdm-d1.vmware.com","4.1.101-340"
"ora-test2-ucm-a1.vmware.com","5.0.106-28"
"ora-test2-ebs-ccm-2.vmware.com","4.1.101-340"
"view-f02-007.vmware.com","5.0.101-32"
"ora-uat-fmwsoax-r1.vmware.com","6.0.100-592"
"ora-hr-ebs-app-1.vmware.com","4.1.101-340"
"wdc-ns120-m1-stream2","5.0.105-169"
"wdc-mailhost1.vmware.com","5.0.105-169"
"pa-backupcons01.vmware.com","4.1.101-340"
"wdc-srm-vc-1.vmware.com","4.0.3-24"
"wdc-dns-2.vmware.com","6.0.100-592"
"ora-uat-fmwsoax-r2.vmware.com","6.0.100-592"
"vc-dev-db-1.vmware.com","6.0.100-592"
"iwov-test-deploy-1.vmware.com2011.12.14.16.11.54","5.0.106-28"
"wdc-labmanager.vmware.com","6.0.100-592"
"interwoven-dev-db-1.vmware.com","4.1.101-340"
"iwov-prod-teamsite-1.vmware.com","4.1.100-1470"
"ora-test2-ebs-r1.vmware.com","4.1.101-340"
"ora-test2-ebs-app-4.vmware.com","4.1.101-340"
"obie-dev-mkt-a1.vmware.com","5.0.106-28"
"ora-test2-fmsoa-r1.vmware.com","4.1.101-340"
"ora-test2-osb-a2.vmware.com","5.0.106-28"
"ora-dev1-siebel-d1.vmware.com","5.0.106-28"
"ora-qa-sfadm-d1.vmware.com2011.12.15.16.49.00","4.1.101-340"
"ora-lt-fmwsoax-a5.vmware.com","6.0.100-592"
"wdc-ns120-m1-stream1","5.0.105-169"
"ora-test2-ebs-app-5.vmware.com","4.1.101-340"
"ora-dev3-siebel-d1.vmware.com","4.1.101-340"
"wcmdev.vmware.com","6.0.100-592"
"ora-dev-inf-d2.vmware.com","5.0.106-28"
"ora-lt-fmwsoax-r2.vmware.com","6.0.100-592"
"ora-test2-fmidm-r1.vmware.com","4.1.101-340"
"ora-dev-sfadm-d1.vmware.com2011.12.15.16.47.59","4.1.101-340"
"ora-dev3-fmwsoax-d1.vmware.com","6.0.100-592"
"wdc-ecc11.vmware.com","4.0.3-24"
"ora-lt-fmwsoax-a4.vmware.com","6.0.100-592"
"wdc-sanu11.vmware.com","6.0.100-592"
"ora-dev1-fmsoa-a1.vmware.com","4.1.101-340"
"obie-qa-sls-a1.vmware.com","5.0.106-28"
"wdc-ns42-71-m1-stream2","5.0.105-169"
"ora-dev1-fmsoa-a2.vmware.com"," unKnown "
"iwov-qa-livesite-1.vmware.com2011.12.14.16.13.26","5.0.106-28"
"datamart-dev.vmware.com","4.1.101-340"
"ora-dev3-fmwsoax-a1.vmware.com","6.0.100-592"
"ora-lt-fmwsoax-r1.vmware.com","6.0.100-592"
"ora-dev1-fmwsoax-a1.vmware.com","6.0.100-592"
"ora-tmp-iwov-d1.vmware.com","5.0.106-28"
"wdc-mailhost2.vmware.com","5.0.105-169"
"ora-test2-fmidm-a1.vmware.com","4.1.101-340"
"wdc-ecc-wla-1.vmware.com","4.0.3-24"
"ora-lt-fmwsoax-a2.vmware.com","6.0.100-592"
"wdc-time1.vmware.com","6.0.100-592"
"ora-test2-fmwsoax-d1.vmware.com","6.0.100-592"
"webmysql-dev-1.vmware.com","6.0.100-592"
"ora-test2-fmwsoax-a2.vmware.com","6.0.100-592"
"wdc-srm-db-1.vmware.com","6.0.100-592"
"wdc-ldap-1.vmware.com","5.0.105-169"
"wdc-mylndb.vmware.com","4.1.106-27"
"wdc-puppetmaster.vmware.com","6.0.100-592"
"ora-test2-fmwsoa-a1.vmware.com","5.0.106-28"
"ora-test2-fmb2b-r1.vmware.com","4.1.101-340"
"mylearnweb-ci02.vmware.com","5.0.105-169"
"wdc-srm-1.vmware.com","4.0.3-24"
"wdcrootdc01.vmware.com","5.0.105-169"
"ora-dev-ksbkdm-d1.vmware.com","4.1.101-340"
"wdc-hppc11-ct-1.vmware.com","5.0.105-169"
"obie-qa-mkt-a1.vmware.com","5.0.106-28"
"ora-uat-fmsoa-a6.vmware.com","5.0.106-28"
"replmgr-mh-2.vmware.com","5.0.105-169"
"obie-uat-sls-a1.vmware.com","5.0.106-28"
"ora-dev-fmwsoax-a1.vmware.com","6.0.100-592"
"ora-prod-siebel-d1.vmware.com","6.0.100-592"
"ora-test2-wlp-d1.vmware.com","4.1.101-340"
"ora-test2-ebs-app-2.vmware.com","4.1.101-340"
"iwov-prod-db-1.vmware.com","4.1.100-1470"
"ora-test2-ucm-w1.vmware.com","4.1.101-340"
"ora-dev2-fmwsoax-a1.vmware.com","6.0.100-592"
"ora-test-fmwsoax-a2.vmware.com","6.0.100-592"
"ora-test-fmwsoax-a1.vmware.com","6.0.100-592"
"ora-lt-fmwsoax-a3.vmware.com","6.0.100-592"
"iwov-test-teamsite-1.vmware.com2011.12.14.16.11.23","4.1.100-1470"
"lm-vc.vmware.com","6.0.100-592"
"ora-test-inf-d1.vmware.com","5.0.106-28"
"ora-lt-osb-a2.vmware.com","5.0.106-28"
"wdc-ns42-71-m1-stream4","5.0.105-169"
"wdc-hppc11-ct-0.vmware.com","5.0.105-169"
"wdc-srm-vc-2.vmware.com","6.0.100-592"
"ora-dev1-osb-a1.vmware.com","5.0.106-28"
"ora-test2-ebs-app-3.vmware.com","4.1.101-340"
"wdc-admin01.vmware.com","6.0.100-592"
"wdc-navmgr11.vmware.com","5.0.106-28"
"ora-dev3-osb-a1.vmware.com","5.0.106-28"
"wdc-navmgr12.vmware.com","4.0.3-24"
"wdc-zenoss-prdt2-dcol-1.vmware.com","4.1.106-27"
"eoo-w08.vmware.com","4.1.101-340"
"cpb-w01","4.1.101-340"
"ora-dev3-custom-d1.vmware.com","4.1.101-340"
"iwov-prod-search-1.vmware.com","4.1.100-1470"
"wdc-vc-1.vmware.com","5.0.105-169"
"maven-repo.vmware.com","6.0.100-592"
"ora-uat-fmwsoa-a3.vmware.com","5.0.106-28"
"ora-test2-ebs-app-1.vmware.com","4.1.101-340"
"ora-test2-ebs-disco-1.vmware.com","4.1.101-340"
"wdc-ldap-2.vmware.com","6.0.100-592"
"vatc-web01","4.1.101-340"
"vamosa-app1.vmware.com","6.0.100-592"
"ora-test2-fmidm-w1.vmware.com","5.0.106-28"
"ora-lt-fmsoa-a5.vmware.com","5.0.106-28"
"ora-dev1-fmwsoa-a1.vmware.com","5.0.106-28"
"ora-qai-fmsoa-a5.vmware.com","5.0.106-28"
"ora-test2-fmsoa-w2.vmware.com","4.1.101-340"
"ora-dev1-fmwsoax-d1.vmware.com","6.0.100-592"
"wdc-dns-1.vmware.com","5.0.106-28"
"ora-lt-fmwsoax-a1.vmware.com","6.0.100-592"
"wdc-ns42-12-m1-stream1","5.0.105-169"
"wdc-ns42-12-m1-stream2","5.0.105-169"
"obie-lt-mkt-a2.vmware.com","5.0.105-169"
"ora-hr-ebs-d1.vmware.com","4.1.101-340"
"mylearnssl-ci02.vmware.com","5.0.105-169"
"ora-test2-fmb2b-a2.vmware.com","4.1.101-340"
